Workbook
Name pivot: #REF!

Sheet INDUSTRY DATA
A1: SAP_Code | B1: Outlet Name | C1: Trading_Area_Name | D1: District | E1: Sales Area | F1: Company | G1: Latitude | H1: Longitude | I1: MS Apr 2024 | J1: HSD Apr 2024 | K1: MS May 2024 | L1: HSD May 2024 | M1: MS June 2024 | N1: HSD June 2024 | O1: MS July 2024 | P1: HSD July 2024 | Q1: MS Aug 2024 | R1: HSD Aug 2024 | S1: MS Sept 2024 | T1: HSD Sept 2024 | U1: MS Oct 2024 | V1: HSD Oct 2024 | W1: MS Nov 2024 | X1: HSD Nov 2024 | Y1: MS Dec 2024 | Z1: HSD Dec 2024 | AA1: MS Jan 2025 | AB1: HSD Jan 2025 | AC1: MS Feb 2025 | AD1: HSD Feb 2025 | AE1: MS Mar 2025 | AF1: HSD Mar 2025 | AG1: MS Apr 2025 | AH1: HSD Apr 2025 | AI1: MS May 2025 | AJ1: HSD May 2025 | AK1: MS June 2025 | AL1: HSD June 2025 | AM1: MS July 2025 | AN1: HSD July 2025 | AO1: MS Aug 2025 | AP1: HSD Aug 2025 | AQ1: MS Sept 2025 | AR1: HSD Sept 2025 | AS1: MS Oct 2025 | AT1: HSD Oct 2025 | AU1: MS Nov 2025 | AV1: HSD Nov 2025 | AW1: MS Dec 2025 | AX1: HSD Dec 2025 | AY1: MS Jan 2026 | AZ1: HSD Jan 2026 | BA1: MS Feb 2026 | BB1: HSD Feb 2026 | BC1: MS Mar 2026 | BD1: HSD Mar 2026 | BE1: MS Apr 2026 | BF1: HSD Apr 2026
A2: 41048256 | B2: SHRI AGRAWAL FUELS | C2: ECZ_Bemetara_Nandghat_Town | D2: BEMETARA | E2: Durg SA | F2: HPC | G2: 21.801585 | H2: 81.351672 | I2: 22 | J2: 18 | K2: 13 | L2: 25 | M2: 16 | N2: 32 | O2: 20 | P2: 4 | Q2: 8 | R2: 4 | S2: 16 | T2: 8 | U2: 12 | V2: 12 | W2: 16 | X2: 20 | Y2: 24 | Z2: 24 | AA2: 12 | AB2: 12 | AC2: 16 | AD2: 8 | AE2: 20 | AF2: 16 | AG2: 20 | AH2: 16 | AI2: 20 | AJ2: 28 | AK2: 15 | AL2: 27 | AM2: 16 | AN2: 8 | AO2: 24 | AP2: 12 | AQ2: 16 | AR2: 8 | AS2: 16 | AT2: 8 | AU2: 22 | AV2: 34 | AW2: 14 | AX2: 30 | AY2: 28 | AZ2: 8 | BA2: 12 | BB2: 12 | BC2: 18 | BD2: 22 | BE2: 25 | BF2: 13
A3: 41048297 | B3: KASAR FUELS | C3: ECZ_Bemetara_Bemetara_City_NH | D3: BEMETARA | E3: Durg SA | F3: HPC | G3: 21.70026 | H3: 81.522419 | I3: 65 | J3: 115 | K3: 55 | L3: 205 | M3: 70 | N3: 190 | O3: 55 | P3: 65 | Q3: 55 | R3: 45 | S3: 65 | T3: 55 | U3: 55 | V3: 85 | W3: 65 | X3: 215 | Y3: 65 | Z3: 175 | AA3: 55 | AB3: 85 | AC3: 75 | AD3: 125 | AE3: 70 | AF3: 110 | AG3: 65 | AH3: 155 | AI3: 70 | AJ3: 210 | AK3: 60 | AL3: 180 | AM3: 60 | AN3: 80 | AO3: 70 | AP3: 50 | AQ3: 65 | AR3: 55 | AS3: 75 | AT3: 65 | AU3: 50 | AV3: 210 | AW3: 70 | AX3: 170 | AY3: 70 | AZ3: 90 | BA3: 55 | BB3: 85 | BC3: 95 | BD3: 125 | BE3: 85 | BF3: 195
A4: 41048248 | B4: ADITYA FUELS | C4: ECZ_Bemetara_Berla_Town | D4: BEMETARA | E4: Durg SA | F4: HPC | G4: 21.624193 | H4: 81.376347 | I4: 13.5 | J4: 76.5 | K4: 13.5 | L4: 94.5 | M4: 9 | N4: 81 | O4: 18 | P4: 36 | Q4: 13.5 | R4: 22.5 | S4: 13.5 | T4: 22.5 | U4: 13.5 | V4: 40.5 | W4: 14 | X4: 78 | Y4: 22.5 | Z4: 103.5 | AA4: 14.5 | AB4: 61.5 | AC4: 13.5 | AD4: 76.5 | AE4: 22.5 | AF4: 67.5 | AG4: 9 | AH4: 63 | AI4: 26.5 | AJ4: 95.5 | AK4: 9 | AL4: 101 | AM4: 13.5 | AN4: 40.5 | AO4: 18 | AP4: 36 | AQ4: 13.5 | AR4: 22.5 | AS4: 18 | AT4: 36 | AU4: 13.5 | AV4: 58.5 | AW4: 13.5 | AX4: 76.5 | AY4: 9 | AZ4: 27 | BA4: 13.5 | BB4: 40.5 | BC4: 18 | BD4: 36 | BE4: 18 | BF4: 56
A5: 41047233 | B5: AMBA FUELS | C5: ECZ_Bemetara_Bemetara_City_NH | D5: BEMETARA | E5: Durg SA | F5: HPC | G5: 21.746697 | H5: 81.528584 | I5: 80 | J5: 160 | K5: 65 | L5: 155 | M5: 60 | N5: 140 | O5: 60 | P5: 80 | Q5: 60 | R5: 80 | S5: 45 | T5: 75 | U5: 65 | V5: 95 | W5: 65 | X5: 135 | Y5: 45 | Z5: 135 | AA5: 65 | AB5: 15 | AC5: 65 | AD5: 75 | AE5: 75 | AF5: 125 | AG5: 50 | AH5: 110 | AI5: 50 | AJ5: 110 | AK5: 60 | AL5: 140 | AM5: 65 | AN5: 75 | AO5: 65 | AP5: 55 | AQ5: 65 | AR5: 75 | AS5: 80 | AT5: 80 | AU5: 60 | AV5: 120 | AW5: 70 | AX5: 110 | AY5: 65 | AZ5: 95 | BA5: 60 | BB5: 80 | BC5: 80 | BD5: 120 | BE5: 75 | BF5: 125
A6: 41047376 | B6: JYOTI FUELS | C6: ECZ_Bemetara_Sanjari_Bhatapara_Road | D6: BEMETARA | E6: Durg SA | F6: HPC | G6: 21.52556 | H6: 81.486156 | I6: 31.5 | J6: 22.5 | K6: 35.5 | L6: 58.5 | M6: 30.5 | N6: 53.5 | O6: 27 | P6: 27 | Q6: 25.5 | R6: 4.5 | S6: 36 | T6: 12 | U6: 29 | V6: 21 | W6: 28 | X6: 60 | Y6: 35 | Z6: 63 | AA6: 36 | AB6: 36 | AC6: 28 | AD6: 20 | AE6: 38.5 | AF6: 17 | AG6: 40 | AH6: 20 | AI6: 27 | AJ6: 43 | AK6: 27 | AL6: 51.05 | AM6: 37 | AN6: 25 | AO6: 28 | AP6: 8 | AQ6: 40 | AR6: 8 | AS6: 36 | AT6: 12 | AU6: 31.03 | AV6: 59 | AW6: 41.5 | AX6: 48.53 | AY6: 33 | AZ6: 17 | BA6: 32.015 | BB6: 16 | BC6: 36 | BD6: 24 | BE6: 24 | BF6: 12
A7: 41016703 | B7: AVINASH FUELS | C7: ECZ_Bemetara_Simga_Kharora_South | D7: BEMETARA | E7: Durg SA | F7: HPC | G7: 21.396014 | H7: 81.578257 | I7: 27 | J7: 31 | K7: 32 | L7: 64 | M7: 32.5 | N7: 69.5 | O7: 36 | P7: 60 | Q7: 36 | R7: 24 | S7: 44 | T7: 16 | U7: 32 | V7: 28 | W7: 32 | X7: 52 | Y7: 36 | Z7: 60 | AA7: 28 | AB7: 32 | AC7: 32 | AD7: 16 | AE7: 32 | AF7: 28 | AG7: 12 | AH7: 12 | AI7: 8 | AJ7: 4 | AK7: 12 | AL7: 24 | AM7: 8 | AN7: 4 | AO7: 13 | AP7: 13 | AQ7: 8 | AR7: 4 | AS7: 12 | AT7: 12 | AU7: 14 | AV7: 18 | AW7: 8 | AX7: 4 | AY7: 8 | AZ7: 4 | BA7: 16 | BB7: 20 | BC7: 8 | BD7: 4 | BE7: 8 | BF7: 4
A8: 41016728 | B8: SHREE LAXMI PETROL PUMP | C8: ECZ_Bemetara_Thakurtola_Nawagarh_West | D8: BEMETARA | E8: Durg SA | F8: HPC | G8: 21.888885 | H8: 81.47097 | I8: 70 | J8: 90 | K8: 70 | L8: 130 | M8: 64 | N8: 164 | O8: 45 | P8: 15 | Q8: 55 | R8: 25 | S8: 60 | T8: 20 | U8: 60 | V8: 60 | W8: 65 | X8: 183 | Y8: 64 | Z8: 100 | AA8: 60 | AB8: 60 | AC8: 65 | AD8: 55 | AE8: 80 | AF8: 120 | AG8: 85 | AH8: 95 | AI8: 68 | AJ8: 119.02 | AK8: 58 | AL8: 144 | AM8: 60 | AN8: 40 | AO8: 45 | AP8: 15 | AQ8: 60 | AR8: 20 | AS8: 60 | AT8: 20 | AU8: 54 | AV8: 148 | AW8: 60 | AX8: 140 | AY8: 55 | AZ8: 45 | BA8: 65 | BB8: 55 | BC8: 75 | BD8: 85 | BE8: 75 | BF8: 65
A9: 41016746 | B9: SHREE LAXMI PETROL PUMP | C9: ECZ_Bemetara_Nawagarh_NH_North | D9: BEMETARA | E9: Durg SA | F9: HPC | G9: 21.893298 | H9: 81.615435 | I9: 70 | J9: 110 | K9: 50 | L9: 90 | M9: 45 | N9: 115 | O9: 50 | P9: 50 | Q9: 45 | R9: 35 | S9: 55 | T9: 25 | U9: 50 | V9: 70 | W9: 50 | X9: 130 | Y9: 45 | Z9: 115 | AA9: 60 | AB9: 80 | AC9: 60 | AD9: 60 | AE9: 55 | AF9: 65 | AG9: 60 | AH9: 80 | AI9: 45 | AJ9: 95 | AK9: 40 | AL9: 120 | AM9: 35 | AN9: 45 | AO9: 40 | AP9: 40 | AQ9: 35 | AR9: 25 | AS9: 35 | AT9: 45 | AU9: 40 | AV9: 120 | AW9: 45 | AX9: 115 | AY9: 35 | AZ9: 45 | BA9: 45 | BB9: 55 | BC9: 45 | BD9: 75 | BE9: 45 | BF9: 75
A10: 41015475 | B10: ARYAN FUELS | C10: ECZ_Bemetara_Nandghat_Town | D10: BEMETARA | E10: Durg SA | F10: HPC | G10: 21.807338 | H10: 81.33534 | I10: 53 | J10: 47 | K10: 50 | L10: 90 | M10: 45 | N10: 115 | O10: 41 | P10: 15 | Q10: 45 | R10: 15 | S10: 42 | T10: 10 | U10: 55 | V10: 45 | W10: 44.5 | X10: 93.5 | Y10: 40 | Z10: 60 | AA10: 35 | AB10: 25 | AC10: 30 | AD10: 30 | AE10: 47 | AF10: 37 | AG10: 45 | AH10: 35 | AI10: 45 | AJ10: 75 | AK10: 35 | AL10: 85 | AM10: 37 | AN10: 15 | AO10: 45 | AP10: 15 | AQ10: 45 | AR10: 15 | AS10: 30 | AT10: 10 | AU10: 40 | AV10: 60 | AW10: 40 | AX10: 80 | AY10: 49 | AZ10: 25 | BA10: 35 | BB10: 25 | BC10: 45.01 | BD10: 35 | BE10: 45 | BF10: 55
A11: 41015477 | B11: SATYANARAYAN PETROLEUM | C11: ECZ_Bemetara_Khairagarh_Road_East | D11: BEMETARA | E11: Durg SA | F11: HPC | G11: 21.801085 | H11: 81.862071 | I11: 27 | J11: 31 | K11: 9 | L11: 5 | M11: 19 | N11: 45 | O11: 22 | P11: 32 | Q11: 17 | R11: 9 | S11: 13 | T11: 17 | U11: 25 | V11: 13 | W11: 0 | X11: 0 | Y11: 19 | Z11: 27 | AA11: 5 | AB11: 9 | AC11: 17 | AD11: 9 | AE11: 18 | AF11: 18 | AG11: 19 | AH11: 27 | AI11: 30 | AJ11: 48 | AK11: 20 | AL11: 28 | AM11: 24.01 | AN11: 24.02 | AO11: 16 | AP11: 8 | AQ11: 16 | AR11: 8 | AS11: 16 | AT11: 8 | AU11: 15 | AV11: 5 | AW11: 26 | AX11: 26 | AY11: 27 | AZ11: 19 | BA11: 8 | BB11: 4 | BC11: 20 | BD11: 16 | BE11: 8 | BF11: 16
A12: 41015488 | B12: BAGHEL FUELS | C12: ECZ_Bemetara_Nawagarh_East_Corridor | D12: BEMETARA | E12: Durg SA | F12: HPC | G12: 21.907956 | H12: 81.747464 | I12: 60 | J12: 104 | K12: 54 | L12: 194 | M12: 40 | N12: 160 | O12: 50 | P12: 70 | Q12: 45 | R12: 15 | S12: 45 | T12: 15 | U12: 45 | V12: 55 | W12: 48 | X12: 194 | Y12: 55 | Z12: 185 | AA12: 70 | AB12: 90 | AC12: 55 | AD12: 85 | AE12: 65 | AF12: 95 | AG12: 45 | AH12: 95 | AI12: 40 | AJ12: 160 | AK12: 35 | AL12: 125 | AM12: 39 | AN12: 39 | AO12: 55 | AP12: 25 | AQ12: 45 | AR12: 35 | AS12: 30 | AT12: 30 | AU12: 45 | AV12: 135 | AW12: 55 | AX12: 165 | AY12: 45 | AZ12: 55 | BA12: 55 | BB12: 65 | BC12: 60 | BD12: 84 | BE12: 35 | BF12: 65
A13: 41015816 | B13: DAU PURANLAL FUELS | C13: ECZ_Bemetara_Sanjari_South_NH | D13: BEMETARA | E13: Durg SA | F13: HPC | G13: 21.57138 | H13: 81.55744 | I13: 55 | J13: 45 | K13: 30 | L13: 70 | M13: 39.5 | N13: 78.5 | O13: 40 | P13: 40 | Q13: 40 | R13: 20 | S13: 40 | T13: 20 | U13: 43.5 | V13: 34.5 | W13: 40 | X13: 100 | Y13: 39 | Z13: 119 | AA13: 40 | AB13: 100 | AC13: 40 | AD13: 80 | AE13: 45 | AF13: 50 | AG13: 44 | AH13: 40 | AI13: 40 | AJ13: 80 | AK13: 40 | AL13: 80 | AM13: 35 | AN13: 45 | AO13: 50 | AP13: 30 | AQ13: 40 | AR13: 20 | AS13: 55 | AT13: 25 | AU13: 35 | AV13: 105 | AW13: 40 | AX13: 100 | AY13: 40 | AZ13: 60 | BA13: 40 | BB13: 60 | BC13: 60 | BD13: 60 | BE13: 54.5 | BF13: 63.5
... A84: 41032979 | B84: GUPTA FUELS | C84: ECZ_Durg_Durg_West_NH30 | D84: DURG | E84: Durg SA | F84: HPC | G84: 21.252343 | H84: 81.219862 | I84: 32 | J84: 26 | K84: 33 | L84: 29 | M84: 31 | N84: 35 | O84: 34 | P84: 30 | Q84: 32 | R84: 16 | S84: 36 | T84: 12 | U84: 40 | V84: 20 | W84: 32 | X84: 28 | Y84: 28 | Z84: 20 | AA84: 44 | AB84: 28 | AC84: 36 | AD84: 12 | AE84: 45 | AF84: 24 | AG84: 32 | AH84: 16 | AI84: 29 | AJ84: 21 | AK84: 36 | AL84: 36 | AM84: 34 | AN84: 18 | AO84: 24 | AP84: 12 | AQ84: 36 | AR84: 12 | AS84: 30.018 | AT84: 8.005 | AU84: 26.005 | AV84: 30 | AW84: 32 | AX84: 28 | AY84: 24 | AZ84: 12 | BA84: 33 | BB84: 17 | BC84: 33 | BD84: 17 | BE84: 12 | BF84: 12
A85: 41073677 | B85: AMRAVATI FUELS | C85: ECZ_Durg_Bhilai_Charoda_NE | D85: DURG | E85: Durg SA | F85: HPC | G85: 21.298097 | H85: 81.477672 | Y85: 0 | Z85: 4 | AA85: 0 | AB85: 0 | AC85: 0 | AD85: 0 | AE85: 0 | AF85: 0 | AG85: 5 | AH85: 15 | AI85: 25 | AJ85: 35 | AK85: 19.5 | AL85: 58.5 | AM85: 10 | AN85: 30 | AO85: 25 | AP85: 55 | AQ85: 20 | AR85: 40 | AS85: 20 | AT85: 60 | AU85: 20 | AV85: 60 | AW85: 20 | AX85: 60 | AY85: 15 | AZ85: 65 | BA85: 25 | BB85: 75 | BC85: 20 | BD85: 60 | BE85: 25 | BF85: 75
A86: 41075761 | B86: NIMESHA ENERGIES | C86: ECZ_Durg_NH53_Bhilai_East | D86: DURG | E86: Durg SA | F86: HPC | G86: 21.232511 | H86: 81.485261 | AA86: 0 | AB86: 4.5 | AC86: 0 | AD86: 0 | AE86: 9 | AF86: 9 | AG86: 12 | AH86: 0 | AI86: 20 | AJ86: 24 | AK86: 18 | AL86: 18 | AM86: 20 | AN86: 20 | AO86: 17 | AP86: 45 | AQ86: 27 | AR86: 51 | AS86: 26.5 | AT86: 69.5 | AU86: 31 | AV86: 97 | AW86: 24.5 | AX86: 67.5 | AY86: 30 | AZ86: 44 | BA86: 20 | BB86: 40 | BC86: 40 | BD86: 68 | BE86: 25 | BF86: 65
A87: 41077769 | B87: SATYAM POWERS | C87: ECZ_Durg_Durg_City_West | D87: DURG | E87: Durg SA | F87: HPC | G87: 21.184431 | H87: 81.263164 | AE87: 0 | AF87: 4.5 | AG87: 0 | AH87: 0 | AI87: 0 | AJ87: 0 | AK87: 0 | AL87: 0 | AM87: 0 | AN87: 0 | AO87: 12 | AP87: 0 | AQ87: 38 | AR87: 14 | AS87: 39.05 | AT87: 5 | AU87: 72.05 | AV87: 28.02 | AW87: 53 | AX87: 37 | AY87: 65 | AZ87: 71 | BA87: 57 | BB87: 91 | BC87: 53.021 | BD87: 65.034 | BE87: 48.01 | BF87: 82.01
A88: 41084754 | B88: AASHIRWAD HP | C88: ECZ_Durg_Raipur_Road_Corridor | D88: DURG | E88: Durg SA | F88: HPC | G88: 21.194431 | H88: 81.649935 | AE88: 0 | AF88: 4.5 | AG88: 0 | AH88: 0 | AI88: 0 | AJ88: 0 | AK88: 0 | AL88: 0 | AM88: 0 | AN88: 0 | AO88: 0 | AP88: 0 | AQ88: 0 | AR88: 0 | AS88: 0 | AT88: 0 | AU88: 15 | AV88: 5 | AW88: 10 | AX88: 10 | AY88: 35 | AZ88: 5 | BA88: 19 | BB88: 15 | BC88: 40 | BD88: 20 | BE88: 43.5 | BF88: 34.5
A89: 41053474 | B89: CHAWLA ENTERPRISES | C89: ECZ_Raipur_Airport_Road_Corridor | D89: RAIPUR | E89: Raipur-1 SA | F89: HPC | G89: 21.22864 | H89: 81.77548 | I89: 65 | J89: 235 | K89: 55 | L89: 249 | M89: 60 | N89: 240 | O89: 59 | P89: 239 | Q89: 57.5 | R89: 176.5 | S89: 54 | T89: 190 | U89: 63 | V89: 193 | W89: 73 | X89: 185 | Y89: 60 | Z89: 220 | AA89: 54.5 | AB89: 243.5 | AC89: 64.5 | AD89: 193.5 | AE89: 60 | AF89: 180 | AG89: 74.5 | AH89: 208.5 | AI89: 74.5 | AJ89: 187.5 | AK89: 64.5 | AL89: 173.5 | AM89: 55 | AN89: 165 | AO89: 60 | AP89: 160 | AQ89: 55 | AR89: 145 | AS89: 65 | AT89: 155 | AU89: 60 | AV89: 160 | AW89: 60 | AX89: 200 | AY89: 75 | AZ89: 185 | BA89: 63 | BB89: 151 | BC89: 69.5 | BD89: 168.5 | BE89: 70 | BF89: 190
A90: 41052224 | B90: ANOOP AUTO SERVICES | C90: ECZ_Raipur_City_Centre_Station_Road | D90: RAIPUR | E90: Raipur-1 SA | F90: HPC | G90: 21.24576 | H90: 81.64059 | I90: 21.5 | J90: 8.5 | K90: 58 | L90: 28 | M90: 64 | N90: 24 | O90: 52 | P90: 20 | Q90: 65.5 | R90: 24.5 | S90: 48.5 | T90: 17.5 | U90: 60 | V90: 20 | W90: 15 | X90: 5 | Y90: 64.5 | Z90: 21.5 | AA90: 61.5 | AB90: 16.5 | AC90: 35 | AD90: 9 | AE90: 40.5 | AF90: 13.5 | AG90: 62 | AH90: 18 | AI90: 45 | AJ90: 15 | AK90: 53.5 | AL90: 16.5 | AM90: 57 | AN90: 15 | AO90: 45 | AP90: 15 | AQ90: 30 | AR90: 10 | AS90: 55 | AT90: 19 | AU90: 45 | AV90: 15 | AW90: 58 | AX90: 18 | AY90: 61 | AZ90: 23 | BA90: 52 | BB90: 18 | BC90: 55 | BD90: 19 | BE90: 38 | BF90: 22
A91: 41052227 | B91: B S BHATIA & CO | C91: ECZ_Raipur_Telibandha_South_City | D91: RAIPUR | E91: Raipur-1 SA | F91: HPC | G91: 21.209037 | H91: 81.668502 | I91: 53.5 | J91: 44.5 | K91: 45 | L91: 35 | M91: 51 | N91: 39 | O91: 63 | P91: 35 | Q91: 51 | R91: 37 | S91: 56 | T91: 40 | U91: 56 | V91: 40 | W91: 44 | X91: 30 | Y91: 57 | Z91: 35 | AA91: 53.5 | AB91: 24.5 | AC91: 58.5 | AD91: 35.5 | AE91: 42 | AF91: 24 | AG91: 49 | AH91: 25 | AI91: 55 | AJ91: 33 | AK91: 56 | AL91: 28 | AM91: 58 | AN91: 34 | AO91: 49 | AP91: 25 | AQ91: 52 | AR91: 24 | AS91: 46.5 | AT91: 21.5 | AU91: 42 | AV91: 20 | AW91: 55.5 | AX91: 28.5 | AY91: 53 | AZ91: 29 | BA91: 26 | BB91: 12 | BC91: 46.5 | BD91: 25.5 | BE91: 48 | BF91: 32
A92: 41052149 | B92: LUNKAD SERVICE STATION | C92: ECZ_Raipur_NH130A_Urla_West | D92: RAIPUR | E92: Raipur-1 SA | F92: HPC | G92: 21.2675 | H92: 81.5808 | I92: 51 | J92: 187 | K92: 57 | L92: 159 | M92: 57 | N92: 159 | O92: 41 | P92: 151 | Q92: 57 | R92: 179 | S92: 60 | T92: 132 | U92: 64 | V92: 150 | W92: 47 | X92: 121 | Y92: 60 | Z92: 154 | AA92: 56 | AB92: 154 | AC92: 53 | AD92: 143 | AE92: 53 | AF92: 157 | AG92: 63 | AH92: 157 | AI92: 61 | AJ92: 159 | AK92: 64 | AL92: 151 | AM92: 65 | AN92: 150 | AO92: 64.01 | AP92: 124.01 | AQ92: 68 | AR92: 144 | AS92: 67 | AT92: 125 | AU92: 67 | AV92: 120 | AW92: 56 | AX92: 135 | AY92: 60 | AZ92: 135 | BA92: 60 | BB92: 133 | BC92: 82 | BD92: 158 | BE92: 74 | BF92: 175
A93: 41050787 | B93: MS SERVICE STATION | C93: ECZ_Raipur_GE_Road_Raipur_Central | D93: RAIPUR | E93: Raipur-1 SA | F93: HPC | G93: 21.23718 | H93: 81.68916 | I93: 74.5 | J93: 91.5 | K93: 80 | L93: 88 | M93: 65 | N93: 79 | O93: 83 | P93: 93 | Q93: 72.5 | R93: 81.5 | S93: 72.5 | T93: 81.5 | U93: 84 | V93: 98 | W93: 75 | X93: 93 | Y93: 78.5 | Z93: 101.5 | AA93: 80 | AB93: 100 | AC93: 72.5 | AD93: 87.5 | AE93: 68 | AF93: 90 | AG93: 73 | AH93: 63 | AI93: 82 | AJ93: 88 | AK93: 68 | AL93: 64 | AM93: 73.5 | AN93: 64.5 | AO93: 82 | AP93: 66 | AQ93: 86 | AR93: 68 | AS93: 80 | AT93: 62 | AU93: 75 | AV93: 85 | AW93: 66 | AX93: 53 | AY93: 72 | AZ93: 63 | BA93: 65 | BB93: 57 | BC93: 64 | BD93: 60 | BE93: 59.5 | BF93: 78.5
A94: 41049759 | B94: VEENU SERVICE STATION | C94: ECZ_Raipur_GE_Road_Tatibandh_North | D94: RAIPUR | E94: Raipur-1 SA | F94: HPC | G94: 21.30886 | H94: 81.63623 | I94: 195 | J94: 497 | K94: 190 | L94: 574 | M94: 199 | N94: 543 | O94: 190 | P94: 554 | Q94: 190 | R94: 510 | S94: 194 | T94: 470 | U94: 225 | V94: 479 | W94: 175 | X94: 425 | Y94: 185 | Z94: 435 | AA94: 200 | AB94: 484 | AC94: 180 | AD94: 444 | AE94: 185 | AF94: 455 | AG94: 198.5 | AH94: 443.5 | AI94: 190 | AJ94: 450 | AK94: 180 | AL94: 440 | AM94: 197 | AN94: 429 | AO94: 205 | AP94: 415 | AQ94: 205 | AR94: 419 | AS94: 205 | AT94: 375 | AU94: 183 | AV94: 399 | AW94: 195 | AX94: 489 | AY94: 205 | AZ94: 451 | BA94: 190 | BB94: 394 | BC94: 209 | BD94: 378 | BE94: 197 | BF94: 394
A95: 41048910 | B95: SHARDA SERVICE STATION | C95: ECZ_Raipur_City_Centre_Pandri | D95: RAIPUR | E95: Raipur-1 SA | F95: HPC | G95: 21.22097 | H95: 81.649232 | I95: 0 | J95: 0 | K95: 0 | L95: 0 | M95: 0 | N95: 0 | O95: 0 | P95: 0 | Q95: 0 | R95: 0 | S95: 0 | T95: 0 | U95: 0 | V95: 0 | W95: 0 | X95: 0 | Y95: 0 | Z95: 0 | AA95: 0 | AB95: 0 | AC95: 0 | AD95: 0 | AE95: 0 | AF95: 0 | AG95: 0 | AH95: 0 | AI95: 0 | AJ95: 0 | AK95: 0 | AL95: 0 | AM95: 0 | AN95: 0 | AO95: 0 | AP95: 0 | AQ95: 0 | AR95: 0 | AS95: 0 | AT95: 0 | AU95: 0 | AV95: 0 | AW95: 0 | AX95: 0 | AY95: 0 | AZ95: 0 | BA95: 0 | BB95: 0 | BC95: 0 | BD95: 0 | BE95: 0 | BF95: 0
A96: 41043381 | B96: JAIN AUTO SERVICE | C96: ECZ_Raipur_NH130A_Urla_West | D96: RAIPUR | E96: Raipur-1 SA | F96: HPC | G96: 21.25833 | H96: 81.56682 | I96: 9 | J96: 153 | K96: 17.5 | L96: 158.5 | M96: 23 | N96: 161 | O96: 17 | P96: 151 | Q96: 17 | R96: 137 | S96: 18 | T96: 118 | U96: 21.5 | V96: 180.5 | W96: 13 | X96: 113 | Y96: 22 | Z96: 194 | AA96: 22 | AB96: 174 | AC96: 12 | AD96: 160 | AE96: 22 | AF96: 167 | AG96: 21 | AH96: 160 | AI96: 20 | AJ96: 154 | AK96: 20.5 | AL96: 173.5 | AM96: 20 | AN96: 141 | AO96: 20 | AP96: 124 | AQ96: 24 | AR96: 121 | AS96: 20 | AT96: 110 | AU96: 20 | AV96: 146 | AW96: 21.5 | AX96: 144.5 | AY96: 21.5 | AZ96: 138.5 | BA96: 24 | BB96: 114 | BC96: 17 | BD96: 81 | BE96: 22 | BF96: 116
A97: 41043768 | B97: MS CHAWLA SERVICE STATION | C97: ECZ_Raipur_City_Centre_Station_Road | D97: RAIPUR | E97: Raipur-1 SA | F97: HPC | G97: 21.24588 | H97: 81.64157 | I97: 126 | J97: 0 | K97: 142 | L97: 0 | M97: 148 | N97: 0 | O97: 146 | P97: 0 | Q97: 144 | R97: 0 | S97: 134 | T97: 0 | U97: 164 | V97: 0 | W97: 146 | X97: 0 | Y97: 124 | Z97: 0 | AA97: 150 | AB97: 0 | AC97: 136 | AD97: 0 | AE97: 156 | AF97: 0 | AG97: 147 | AH97: 0 | AI97: 142 | AJ97: 0 | AK97: 140 | AL97: 0 | AM97: 154 | AN97: 0 | AO97: 160 | AP97: 0 | AQ97: 161 | AR97: 0 | AS97: 150 | AT97: 0 | AU97: 148 | AV97: 0 | AW97: 142 | AX97: 0 | AY97: 154 | AZ97: 0 | BA97: 132 | BB97: 0 | BC97: 156 | BD97: 0 | BE97: 137 | BF97: 0
A98: 41044127 | B98: MINOCHA AND COMPANY | C98: ECZ_Raipur_City_Centre_Pandri | D98: RAIPUR | E98: Raipur-1 SA | F98: HPC | G98: 21.239125 | H98: 81.675456 | I98: 336 | J98: 534 | K98: 316 | L98: 511 | M98: 340 | N98: 559 | O98: 329 | P98: 425 | Q98: 356 | R98: 514 | S98: 316 | T98: 438 | U98: 403 | V98: 525 | W98: 313 | X98: 484 | Y98: 336 | Z98: 418 | AA98: 343 | AB98: 324 | AC98: 305 | AD98: 275 | AE98: 331 | AF98: 278 | AG98: 372 | AH98: 324 | AI98: 337 | AJ98: 272 | AK98: 347 | AL98: 291 | AM98: 346 | AN98: 234 | AO98: 344 | AP98: 236 | AQ98: 350 | AR98: 230 | AS98: 377 | AT98: 232 | AU98: 349 | AV98: 376 | AW98: 376 | AX98: 436 | AY98: 345 | AZ98: 322 | BA98: 330 | BB98: 250 | BC98: 364 | BD98: 245 | BE98: 341 | BF98: 239
A99: 41048254 | B99: AASTHA PETROL PUMP (JAIL PUMP) | C99: ECZ_Raipur_City_Centre_Station_Road | D99: RAIPUR | E99: Raipur-1 SA | F99: HPC | G99: 21.251845 | H99: 81.64101 | I99: 58 | J99: 12 | K99: 71 | L99: 19 | M99: 57 | N99: 15 | O99: 49 | P99: 15 | Q99: 87.5 | R99: 14.5 | S99: 60 | T99: 20 | U99: 64 | V99: 20 | W99: 90 | X99: 19 | Y99: 58.5 | Z99: 19.5 | AA99: 64 | AB99: 20 | AC99: 62.5 | AD99: 19.5 | AE99: 79 | AF99: 25 | AG99: 45 | AH99: 15 | AI99: 63.06 | AJ99: 19.015 | AK99: 60 | AL99: 20 | AM99: 65 | AN99: 15 | AO99: 60 | AP99: 20 | AQ99: 64 | AR99: 20 | AS99: 53 | AT99: 15 | AU99: 39.091 | AV99: 5 | AW99: 54.05 | AX99: 10.025 | AY99: 26 | AZ99: 0 | BA99: 12 | BB99: 0 | BC99: 24 | BD99: 12 | BE99: 41 | BF99: 21
A100: 41048293 | B100: SAI BABA FILLING STATION | C100: ECZ_Raipur_City_Centre_Fafadih | D100: RAIPUR | E100: Raipur-1 SA | F100: HPC | G100: 21.26318 | H100: 81.65942 | I100: 145 | J100: 79 | K100: 170 | L100: 90 | M100: 175 | N100: 85 | O100: 165 | P100: 75 | Q100: 165 | R100: 75 | S100: 155 | T100: 65 | U100: 175 | V100: 85 | W100: 160 | X100: 100 | Y100: 165 | Z100: 75 | AA100: 150 | AB100: 90 | AC100: 160 | AD100: 80 | AE100: 155 | AF100: 85 | AG100: 175 | AH100: 65 | AI100: 190 | AJ100: 90 | AK100: 160 | AL100: 80 | AM100: 170 | AN100: 70 | AO100: 165 | AP100: 59 | AQ100: 180 | AR100: 80 | AS100: 160 | AT100: 60 | AU100: 180 | AV100: 60 | AW100: 140 | AX100: 60 | AY100: 155 | AZ100: 45 | BA100: 155 | BB100: 65 | BC100: 135 | BD100: 45 | BE100: 134 | BF100: 70
... A174: 41071990 | B174: MAA KARNI ENERGY POINT | C174: ECZ_Raipur_NH53_Bhatapara | D174: RAIPUR | E174: Raipur-1 SA | F174: HPC | G174: 21.494672 | H174: 81.696753 | I174: 0 | J174: 0 | K174: 0 | L174: 0 | M174: 0 | N174: 0 | O174: 0 | P174: 0 | Q174: 0 | R174: 0 | S174: 0 | T174: 0 | U174: 0 | V174: 0 | W174: 0 | X174: 0 | Y174: 8 | Z174: 4 | AA174: 0 | AB174: 0 | AC174: 0 | AD174: 0 | AE174: 17 | AF174: 13 | AG174: 26 | AH174: 22 | AI174: 17 | AJ174: 37 | AK174: 22.5 | AL174: 43.5 | AM174: 19 | AN174: 19 | AO174: 29 | AP174: 13 | AQ174: 21.5 | AR174: 8.5 | AS174: 28 | AT174: 8 | AU174: 17 | AV174: 39 | AW174: 30 | AX174: 50 | AY174: 30 | AZ174: 30 | BA174: 15 | BB174: 25 | BC174: 40 | BD174: 20 | BE174: 15 | BF174: 25
A175: 41076157 | B175: SHRI GOVIND JYOTI ENERGY POINT | C175: ECZ_Raipur_Mandir_Hasaud_Ring_Road | D175: RAIPUR | E175: Raipur-1 SA | F175: HPC | G175: 21.311819 | H175: 81.778888 | Y175: 0 | Z175: 4 | AA175: 0 | AB175: 0 | AC175: 0 | AD175: 0 | AE175: 0 | AF175: 0 | AG175: 0 | AH175: 0 | AI175: 0 | AJ175: 0 | AK175: 0 | AL175: 0 | AM175: 0 | AN175: 0 | AO175: 0 | AP175: 0 | AQ175: 0 | AR175: 0 | AS175: 0 | AT175: 0 | AU175: 0 | AV175: 0 | AW175: 8 | AX175: 4 | AY175: 0 | AZ175: 0 | BA175: 16 | BB175: 8 | BC175: 22 | BD175: 10 | BE175: 12 | BF175: 12
A176: 41077773 | B176: AARADHYA ENERGY POINT | C176: ECZ_Raipur_NH130A_Urla_West | D176: RAIPUR | E176: Raipur-1 SA | F176: HPC | G176: 21.216473 | H176: 81.592685 | AE176: 0 | AF176: 4 | AG176: 0 | AH176: 0 | AI176: 8 | AJ176: 4 | AK176: 23 | AL176: 9 | AM176: 40 | AN176: 20 | AO176: 33 | AP176: 17 | AQ176: 41 | AR176: 21 | AS176: 41.5 | AT176: 12.5 | AU176: 39 | AV176: 31 | AW176: 37 | AX176: 23 | AY176: 38 | AZ176: 38 | BA176: 44 | BB176: 40 | BC176: 51 | BD176: 35 | BE176: 35 | BF176: 19
A177: 41075903 | B177: SHYAM ENERGY POINT | C177: ECZ_Raipur_NH53_Simga_East | D177: RAIPUR | E177: Raipur-1 SA | F177: HPC | G177: 21.566002 | H177: 81.806231 | AE177: 0 | AF177: 4 | AG177: 0 | AH177: 0 | AI177: 13 | AJ177: 23 | AK177: 24 | AL177: 24 | AM177: 46 | AN177: 34 | AO177: 38 | AP177: 28 | AQ177: 44 | AR177: 24 | AS177: 44 | AT177: 24 | AU177: 44 | AV177: 38 | AW177: 41 | AX177: 59 | AY177: 37 | AZ177: 45 | BA177: 44 | BB177: 50 | BC177: 43 | BD177: 49 | BE177: 42 | BF177: 54
A178: 41044667 | B178: DINSHA FUELS | C178: ECZ_Raipur_City_Centre_Fafadih | D178: RAIPUR | E178: Raipur-1 SA | F178: HPC | G178: 21.256652 | H178: 81.658272 | AU178: 8 | AV178: 4 | AW178: 0 | AX178: 0 | AY178: 0 | AZ178: 0 | BA178: 0 | BB178: 0 | BC178: 72.5 | BD178: 19.5 | BE178: 110.5 | BF178: 19.5
A179: 41085397 | B179: MAULI ENERGY POINT | C179: ECZ_Raipur_Telibandha_South_City | D179: RAIPUR | E179: Raipur-1 SA | F179: HPC | G179: 21.194431 | H179: 81.649935 | AW179: 0 | AX179: 5 | AY179: 10 | AZ179: 0 | BA179: 19 | BB179: 5 | BC179: 94 | BD179: 42 | BE179: 143.5 | BF179: 74.5
A180: 41048269 | B180: SHANTI SERVICE STATION | C180: ECZ_Raipur_NH30_RHS_Abhanpur | D180: RAIPUR | E180: Raipur-II SA | F180: HPC | G180: 21.08503 | H180: 81.66084 | I180: 69 | J180: 75 | K180: 64 | L180: 100 | M180: 54 | N180: 130 | O180: 65 | P180: 95 | Q180: 63 | R180: 65 | S180: 48 | T180: 84 | U180: 65.5 | V180: 68.5 | W180: 49 | X180: 95 | Y180: 68 | Z180: 114 | AA180: 58 | AB180: 90 | AC180: 62 | AD180: 84 | AE180: 68.5 | AF180: 81.5 | AG180: 64.5 | AH180: 93.5 | AI180: 69 | AJ180: 125 | AK180: 60 | AL180: 120 | AM180: 50 | AN180: 70 | AO180: 60 | AP180: 80 | AQ180: 55 | AR180: 85 | AS180: 60 | AT180: 80 | AU180: 55 | AV180: 125 | AW180: 64.5 | AX180: 133.5 | AY180: 60 | AZ180: 120 | BA180: 60 | BB180: 100 | BC180: 55 | BD180: 105 | BE180: 55 | BF180: 125
A181: 41033197 | B181: MOTICHAND CHULLANY AND SONS | C181: ECZ_Raipur_Nava_Raipur_South_Bypass | D181: RAIPUR | E181: Raipur-II SA | F181: HPC | G181: 20.97226 | H181: 81.855196 | I181: 70 | J181: 90 | K181: 85 | L181: 135 | M181: 80 | N181: 100 | O181: 64.5 | P181: 73.5 | Q181: 89 | R181: 65 | S181: 80 | T181: 60 | U181: 85 | V181: 75 | W181: 80 | X181: 100 | Y181: 80 | Z181: 100 | AA181: 90 | AB181: 130 | AC181: 90 | AD181: 110 | AE181: 80 | AF181: 100 | AG181: 80 | AH181: 100 | AI181: 95 | AJ181: 105 | AK181: 75 | AL181: 105 | AM181: 80 | AN181: 80 | AO181: 90 | AP181: 70 | AQ181: 85 | AR181: 75 | AS181: 95 | AT181: 65 | AU181: 75 | AV181: 85 | AW181: 85 | AX181: 95 | AY181: 90 | AZ181: 110 | BA181: 85 | BB181: 135 | BC181: 75 | BD181: 105 | BE181: 80 | BF181: 140
A182: 41055536 | B182: AASTHA FUELS | C182: ECZ_Raipur_Nava_Raipur_NRDA | D182: RAIPUR | E182: Raipur-II SA | F182: HPC | G182: 21.0853 | H182: 81.8905 | I182: 62 | J182: 56 | K182: 67 | L182: 95 | M182: 57.5 | N182: 110.5 | O182: 58 | P182: 54 | Q182: 59 | R182: 43 | S182: 60 | T182: 34 | U182: 50 | V182: 54 | W182: 45 | X182: 91 | Y182: 69 | Z182: 91 | AA182: 58 | AB182: 60 | AC182: 63 | AD182: 49 | AE182: 54 | AF182: 58 | AG182: 67 | AH182: 103 | AI182: 30 | AJ182: 62 | AK182: 54 | AL182: 154 | AM182: 55 | AN182: 45 | AO182: 60 | AP182: 40 | AQ182: 53 | AR182: 29 | AS182: 52 | AT182: 54 | AU182: 50 | AV182: 108 | AW182: 55 | AX182: 63 | AY182: 40 | AZ182: 40 | BA182: 40 | BB182: 40 | BC182: 44 | BD182: 84 | BE182: 29 | BF182: 75
A183: 41016390 | B183: RAJDHANI FUELS | C183: ECZ_Raipur_Nava_Raipur_Sector2 | D183: RAIPUR | E183: Raipur-II SA | F183: HPC | G183: 21.171765 | H183: 81.816139 | I183: 80 | J183: 80 | K183: 84 | L183: 94 | M183: 65 | N183: 95 | O183: 78 | P183: 78 | Q183: 74 | R183: 50 | S183: 78 | T183: 50 | U183: 69 | V183: 63 | W183: 58 | X183: 64 | Y183: 68 | Z183: 74 | AA183: 75 | AB183: 65 | AC183: 64 | AD183: 54 | AE183: 70.5 | AF183: 43.5 | AG183: 74 | AH183: 62 | AI183: 75.5 | AJ183: 67.5 | AK183: 79 | AL183: 101 | AM183: 77 | AN183: 59 | AO183: 74.5 | AP183: 33.5 | AQ183: 73 | AR183: 49 | AS183: 72 | AT183: 64 | AU183: 84 | AV183: 112 | AW183: 79 | AX183: 99 | AY183: 82 | AZ183: 94 | BA183: 78 | BB183: 78 | BC183: 74 | BD183: 80 | BE183: 86 | BF183: 92
A184: 41016680 | B184: RAMKRISHNA FUELS | C184: ECZ_Raipur_NH30_LHS_Abhanpur | D184: RAIPUR | E184: Raipur-II SA | F184: HPC | G184: 21.093894 | H184: 81.594657 | I184: 28 | J184: 14 | K184: 23 | L184: 59 | M184: 27.5 | N184: 46.5 | O184: 15 | P184: 53 | Q184: 30 | R184: 12 | S184: 37 | T184: 13 | U184: 26.5 | V184: 21.5 | W184: 17.5 | X184: 38.5 | Y184: 34.5 | Z184: 63.5 | AA184: 30 | AB184: 50 | AC184: 33.5 | AD184: 24.5 | AE184: 31.5 | AF184: 22.5 | AG184: 30 | AH184: 30 | AI184: 28 | AJ184: 34 | AK184: 29 | AL184: 65 | AM184: 29 | AN184: 51 | AO184: 31 | AP184: 9 | AQ184: 33.5 | AR184: 12.5 | AS184: 30 | AT184: 18 | AU184: 35 | AV184: 65 | AW184: 25 | AX184: 35 | AY184: 35 | AZ184: 65 | BA184: 35 | BB184: 39 | BC184: 30 | BD184: 30 | BE184: 29 | BF184: 13
A185: 41088347 | B185: ADHOC DASHMESH FUELS | C185: ECZ_Raipur_Nava_Raipur_NRDA | D185: RAIPUR | E185: Raipur-II SA | F185: HPC | G185: 21.11267 | H185: 81.76592 | I185: 15 | J185: 19 | K185: 19 | L185: 25 | M185: 15 | N185: 25 | O185: 10 | P185: 10 | Q185: 10 | R185: 10 | S185: 0 | T185: 0 | U185: 0 | V185: 0 | W185: 8 | X185: 4 | Y185: 5 | Z185: 9 | AA185: 8 | AB185: 4 | AC185: 8 | AD185: 4 | AE185: 12 | AF185: 12 | AG185: 4 | AH185: 20 | AI185: 8 | AJ185: 16 | AK185: 10 | AL185: 24 | AM185: 13 | AN185: 13 | AO185: 18 | AP185: 22 | AQ185: 20 | AR185: 28 | AS185: 13 | AT185: 13 | AU185: 21 | AV185: 41 | AW185: 4 | AX185: 32 | AY185: 12 | AZ185: 12 | BA185: 13 | BB185: 25 | BC185: 16 | BD185: 20 | BE185: 14 | BF185: 50
A186: 41078880 | B186: ADHOC VISHWA BHARTI FUELS (ADHOC RAJDHANI FUELS ) | C186: ECZ_Raipur_Airport_Road_Corridor | D186: RAIPUR | E186: Raipur-II SA | F186: HPC | G186: 21.198415 | H186: 81.771818 | I186: 35 | J186: 31 | K186: 36 | L186: 36 | M186: 38 | N186: 34 | O186: 36 | P186: 28 | Q186: 40 | R186: 32 | S186: 35 | T186: 19 | U186: 26 | V186: 30 | W186: 32 | X186: 24 | Y186: 23 | Z186: 19 | AA186: 0 | AB186: 0 | AC186: 0 | AD186: 0 | AE186: 27 | AF186: 19 | AG186: 31 | AH186: 23 | AI186: 43 | AJ186: 27 | AK186: 33 | AL186: 29 | AM186: 35 | AN186: 31 | AO186: 45 | AP186: 21 | AQ186: 28 | AR186: 20 | AS186: 34 | AT186: 18 | AU186: 37 | AV186: 35 | AW186: 41 | AX186: 29 | AY186: 41 | AZ186: 37 | BA186: 37 | BB186: 33 | BC186: 34.5 | BD186: 73.5 | BE186: 44 | BF186: 70
A187: 41015188 | B187: S. RAI FUELS | C187: ECZ_Raipur_Nava_Raipur_South_Bypass | D187: RAIPUR | E187: Raipur-II SA | F187: HPC | G187: 21.022542 | H187: 81.769511 | I187: 30 | J187: 30 | K187: 30 | L187: 30 | M187: 30 | N187: 50 | O187: 24 | P187: 20 | Q187: 37.5 | R187: 24.5 | S187: 35 | T187: 29 | U187: 25 | V187: 39 | W187: 20 | X187: 20 | Y187: 35 | Z187: 57 | AA187: 21 | AB187: 29 | AC187: 31 | AD187: 31 | AE187: 28 | AF187: 20 | AG187: 30 | AH187: 30 | AI187: 34 | AJ187: 38 | AK187: 23.5 | AL187: 32.5 | AM187: 26.5 | AN187: 31.5 | AO187: 34 | AP187: 18 | AQ187: 23 | AR187: 19 | AS187: 22 | AT187: 30 | AU187: 23 | AV187: 35 | AW187: 29 | AX187: 49 | AY187: 24 | AZ187: 36 | BA187: 32 | BB187: 40 | BC187: 29 | BD187: 29 | BE187: 29 | BF187: 37
A188: 41015189 | B188: AMBEY FUELS | C188: ECZ_Raipur_NH30_RHS_Abhanpur | D188: RAIPUR | E188: Raipur-II SA | F188: HPC | G188: 21.048913 | H188: 81.733532 | I188: 48.5 | J188: 33.5 | K188: 68 | L188: 60 | M188: 53.5 | N188: 44.5 | O188: 46 | P188: 18 | Q188: 63.5 | R188: 14.5 | S188: 59 | T188: 15 | U188: 50 | V188: 30 | W188: 54 | X188: 40 | Y188: 69 | Z188: 45 | AA188: 63 | AB188: 47 | AC188: 48 | AD188: 24 | AE188: 60 | AF188: 40 | AG188: 55 | AH188: 39 | AI188: 70 | AJ188: 64 | AK188: 55 | AL188: 45 | AM188: 45 | AN188: 15 | AO188: 60 | AP188: 20 | AQ188: 60 | AR188: 20 | AS188: 63 | AT188: 29 | AU188: 40 | AV188: 34 | AW188: 55 | AX188: 25 | AY188: 60 | AZ188: 24 | BA188: 55 | BB188: 25 | BC188: 55 | BD188: 25 | BE188: 55 | BF188: 25
A189: 41041665 | B189: AKSHAT FUELS | C189: ECZ_Raipur_Nava_Raipur_NRDA | D189: RAIPUR | E189: Raipur-II SA | F189: HPC | G189: 21.037042 | H189: 81.859819 | I189: 45 | J189: 55 | K189: 40 | L189: 80 | M189: 30 | N189: 70 | O189: 45 | P189: 35 | Q189: 40 | R189: 40 | S189: 45 | T189: 15 | U189: 35 | V189: 45 | W189: 40 | X189: 60 | Y189: 45 | Z189: 75 | AA189: 40 | AB189: 80 | AC189: 50 | AD189: 50 | AE189: 45 | AF189: 75 | AG189: 45 | AH189: 75 | AI189: 45 | AJ189: 115 | AK189: 45 | AL189: 115 | AM189: 35 | AN189: 45 | AO189: 50 | AP189: 30 | AQ189: 45 | AR189: 35 | AS189: 35 | AT189: 40 | AU189: 40 | AV189: 80 | AW189: 45 | AX189: 55 | AY189: 40 | AZ189: 60 | BA189: 35 | BB189: 45 | BC189: 40 | BD189: 60 | BE189: 40 | BF189: 60
A190: 41039566 | B190: SONKAR PETROL PUMP | C190: ECZ_Raipur_Nava_Raipur_South_Bypass | D190: RAIPUR | E190: Raipur-II SA | F190: HPC | G190: 20.959952 | H190: 81.857616 | I190: 24 | J190: 10 | K190: 16 | L190: 20 | M190: 16 | N190: 20 | O190: 20 | P190: 4 | Q190: 16 | R190: 8 | S190: 20 | T190: 4 | U190: 20 | V190: 4 | W190: 20 | X190: 16 | Y190: 20 | Z190: 16 | AA190: 24 | AB190: 12 | AC190: 16 | AD190: 8 | AE190: 25 | AF190: 13 | AG190: 12 | AH190: 0 | AI190: 24 | AJ190: 12 | AK190: 20 | AL190: 16 | AM190: 16 | AN190: 8 | AO190: 12 | AP190: 0 | AQ190: 20 | AR190: 4 | AS190: 16 | AT190: 8 | AU190: 18 | AV190: 14 | AW190: 9 | AX190: 9 | AY190: 21.5 | AZ190: 8.5 | BA190: 16 | BB190: 8 | BC190: 16 | BD190: 8 | BE190: 16 | BF190: 8
A191: 41029430 | B191: RAJ PETROLEUM | C191: ECZ_Raipur_Telibandha_South_City | D191: RAIPUR | E191: Raipur-II SA | F191: HPC | G191: 21.205047 | H191: 81.615133 | I191: 40 | J191: 60 | K191: 45 | L191: 71 | M191: 35 | N191: 57 | O191: 45 | P191: 67 | Q191: 50 | R191: 54 | S191: 50 | T191: 58 | U191: 50 | V191: 70 | W191: 43 | X191: 67 | Y191: 55 | Z191: 81 | AA191: 50 | AB191: 90 | AC191: 54.5 | AD191: 83.5 | AE191: 49 | AF191: 69 | AG191: 55 | AH191: 65 | AI191: 40 | AJ191: 60 | AK191: 55 | AL191: 85 | AM191: 45 | AN191: 55 | AO191: 50 | AP191: 50 | AQ191: 45 | AR191: 43 | AS191: 50 | AT191: 50 | AU191: 35 | AV191: 45 | AW191: 25 | AX191: 35 | AY191: 35 | AZ191: 45 | BA191: 35 | BB191: 45 | BC191: 39.5 | BD191: 58.5 | BE191: 35 | BF191: 45
A192: 41032666 | B192: JAI ULBHINDAI ENERGY POINT | C192: ECZ_Raipur_NH30_LHS_Abhanpur | D192: RAIPUR | E192: Raipur-II SA | F192: HPC | G192: 21.016576 | H192: 81.641793 | I192: 30 | J192: 30 | K192: 34.5 | L192: 55.5 | M192: 29.5 | N192: 48.5 | O192: 25 | P192: 35 | Q192: 29 | R192: 27 | S192: 35.5 | T192: 22 | U192: 31.5 | V192: 36.5 | W192: 38 | X192: 58 | Y192: 33 | Z192: 59 | AA192: 28 | AB192: 34 | AC192: 43 | AD192: 39 | AE192: 24 | AF192: 24 | AG192: 43 | AH192: 39 | AI192: 30 | AJ192: 38 | AK192: 24 | AL192: 48 | AM192: 33 | AN192: 32 | AO192: 29 | AP192: 25 | AQ192: 15 | AR192: 5 | AS192: 30 | AT192: 30 | AU192: 20 | AV192: 40 | AW192: 20 | AX192: 32 | AY192: 34 | AZ192: 28 | BA192: 31 | BB192: 25 | BC192: 16 | BD192: 20 | BE192: 20 | BF192: 16
A193: 41073016 | B193: ARJUN FUELS | C193: ECZ_Raipur_NH30_LHS_Abhanpur | D193: RAIPUR | E193: Raipur-II SA | F193: HPC | G193: 21.026325 | H193: 81.626501 | O193: 0 | P193: 12 | Q193: 0 | R193: 0 | S193: 0 | T193: 0 | U193: 0 | V193: 0 | W193: 0 | X193: 0 | Y193: 0 | Z193: 0 | AA193: 0 | AB193: 0 | AC193: 9 | AD193: 5 | AE193: 0 | AF193: 0 | AG193: 0 | AH193: 0 | AI193: 19 | AJ193: 37 | AK193: 25 | AL193: 35 | AM193: 20 | AN193: 20 | AO193: 40 | AP193: 20 | AQ193: 30 | AR193: 10 | AS193: 35 | AT193: 25 | AU193: 35 | AV193: 45 | AW193: 35 | AX193: 45 | AY193: 35 | AZ193: 25 | BA193: 45 | BB193: 35 | BC193: 35 | BD193: 25 | BE193: 25 | BF193: 17
A194: 41073581 | B194: MUSKAAN ENERGY POINT | C194: ECZ_Raipur_NH30_LHS_Abhanpur | D194: RAIPUR | E194: Raipur-II SA | F194: HPC | G194: 21.049731 | H194: 81.65136 | S194: 0 | T194: 4.5 | V194: 0 | W194: 0 | X194: 0 | Y194: 0 | Z194: 0 | AA194: 0 | AB194: 0 | AC194: 9 | AD194: 5 | AE194: 0 | AF194: 0 | AG194: 0 | AH194: 0 | AI194: 30 | AJ194: 30 | AK194: 34 | AL194: 64 | AM194: 45 | AN194: 35 | AO194: 60 | AP194: 60 | AQ194: 50 | AR194: 50 | AS194: 65 | AT194: 55 | AU194: 60 | AV194: 100 | AW194: 55 | AX194: 105 | AY194: 55 | AZ194: 85 | BA194: 60.05 | BB194: 80 | BC194: 50 | BD194: 64 | BE194: 67 | BF194: 75
A195: 41076125 | B195: MAA BHAVANI ENERGY POINT | C195: ECZ_Raipur_Nava_Raipur_NRDA | D195: RAIPUR | E195: Raipur-II SA | F195: HPC | G195: 21.034131 | H195: 81.886885 | AS195: 0 | AT195: 5 | AU195: 0 | AV195: 0 | AW195: 8 | AX195: 4 | AY195: 8 | AZ195: 4 | BA195: 19 | BB195: 15 | BC195: 20 | BD195: 20 | BE195: 20 | BF195: 40
A196: 41052311 | B196: P SANTOSH KUMAR & BROS | C196: ECZ_Balod_Balod_City_Core | D196: BALOD | E196: Raipur-II SA | F196: HPC | G196: 20.72524 | H196: 81.201797 | I196: 100 | J196: 120 | K196: 105 | L196: 115 | M196: 115 | N196: 105 | O196: 95 | P196: 65 | Q196: 110 | R196: 50 | S196: 95 | T196: 45 | U196: 115 | V196: 65 | W196: 100 | X196: 80 | Y196: 100 | Z196: 120 | AA196: 110 | AB196: 90 | AC196: 100 | AD196: 100 | AE196: 120 | AF196: 80 | AG196: 110 | AH196: 110 | AI196: 125 | AJ196: 95 | AK196: 120 | AL196: 100 | AM196: 105 | AN196: 55 | AO196: 125 | AP196: 55 | AQ196: 95 | AR196: 45 | AS196: 130 | AT196: 70 | AU196: 80 | AV196: 60 | AW196: 120 | AX196: 80 | AY196: 90 | AZ196: 90 | BA196: 120 | BB196: 80 | BC196: 120 | BD196: 100 | BE196: 110 | BF196: 70
A197: 41052321 | B197: SANTOSH AUTO DIESELS | C197: ECZ_Balod_Gurur_Town_NH30 | D197: BALOD | E197: Raipur-II SA | F197: HPC | G197: 20.5788 | H197: 81.07145 | I197: 55 | J197: 438 | K197: 77 | L197: 475 | M197: 82 | N197: 475 | O197: 75 | P197: 333 | Q197: 85 | R197: 371 | S197: 88 | T197: 416 | U197: 102 | V197: 426 | W197: 79.5 | X197: 412.5 | Y197: 98 | Z197: 524 | AA197: 84 | AB197: 490 | AC197: 81 | AD197: 489 | AE197: 106 | AF197: 446 | AG197: 87 | AH197: 527 | AI197: 101 | AJ197: 451 | AK197: 93 | AL197: 363 | AM197: 104 | AN197: 352 | AO197: 89 | AP197: 391 | AQ197: 103 | AR197: 305 | AS197: 94 | AT197: 314 | AU197: 88 | AV197: 440 | AW197: 87 | AX197: 369 | AY197: 96 | AZ197: 360 | BA197: 91 | BB197: 241 | BC197: 98 | BD197: 478 | BE197: 103 | BF197: 548
A198: 41048259 | B198: BABLOO FUELS | C198: ECZ_Balod_Gurur_Durg_NH30_North | D198: BALOD | E198: Raipur-II SA | F198: HPC | G198: 20.945889 | H198: 81.210595 | I198: 45 | J198: 75 | K198: 45 | L198: 135 | M198: 45 | N198: 115 | O198: 40 | P198: 60 | Q198: 45 | R198: 35 | S198: 40 | T198: 20 | U198: 45 | V198: 35 | W198: 50 | X198: 110 | Y198: 45 | Z198: 135 | AA198: 45 | AB198: 75 | AC198: 55 | AD198: 85 | AE198: 50 | AF198: 110 | AG198: 30 | AH198: 70 | AI198: 60 | AJ198: 100 | AK198: 45 | AL198: 135 | AM198: 45 | AN198: 55 | AO198: 55 | AP198: 25 | AQ198: 40 | AR198: 20 | AS198: 50 | AT198: 50 | AU198: 35 | AV198: 85 | AW198: 40 | AX198: 100 | AY198: 49 | AZ198: 87 | BA198: 45 | BB198: 75 | BC198: 45 | BD198: 75 | BE198: 40 | BF198: 60
A199: 41055444 | B199: AMBE FUELS | C199: ECZ_Balod_Balod_West_SH | D199: BALOD | E199: Raipur-II SA | F199: HPC | G199: 20.803279 | H199: 81.053917 | I199: 20 | J199: 60 | K199: 25 | L199: 95 | M199: 20 | N199: 80 | O199: 20 | P199: 40 | Q199: 25 | R199: 35 | S199: 25 | T199: 35 | U199: 25 | V199: 55 | W199: 20 | X199: 100 | Y199: 25 | Z199: 115 | AA199: 20 | AB199: 80 | AC199: 35 | AD199: 80 | AE199: 25 | AF199: 55 | AG199: 20 | AH199: 80 | AI199: 25 | AJ199: 95 | AK199: 20 | AL199: 100 | AM199: 20 | AN199: 40 | AO199: 20 | AP199: 40 | AQ199: 25 | AR199: 55 | AS199: 25 | AT199: 35 | AU199: 20 | AV199: 100 | AW199: 30 | AX199: 90 | AY199: 25 | AZ199: 60 | BA199: 15 | BB199: 45 | BC199: 25 | BD199: 35 | BE199: 25 | BF199: 35
A200: 41016378 | B200: SANTOSH FUELS | C200: ECZ_Balod_Gurur_Durg_NH30_North | D200: BALOD | E200: Raipur-II SA | F200: HPC | G200: 20.962364 | H200: 81.292826 | I200: 0 | J200: 0 | K200: 0 | L200: 0 | M200: 0 | N200: 0 | O200: 0 | P200: 0 | Q200: 0 | R200: 0 | S200: 0 | T200: 0 | U200: 0 | V200: 0 | W200: 0 | X200: 0 | Y200: 0 | Z200: 0 | AA200: 0 | AB200: 0 | AC200: 0 | AD200: 0 | AE200: 0 | AF200: 0 | AG200: 0 | AH200: 0 | AI200: 0 | AJ200: 0 | AK200: 0 | AL200: 0 | AM200: 0 | AN200: 0 | AO200: 0 | AP200: 0 | AQ200: 0 | AR200: 0 | AS200: 0 | AT200: 0 | AU200: 0 | AV200: 0 | AW200: 0 | AX200: 0 | AY200: 0 | AZ200: 0 | BA200: 0 | BB200: 0 | BC200: 0 | BD200: 0 | BE200: 0 | BF200: 0
A201: 41016402 | B201: GANGA MAIYYA PETROL PUMP | C201: ECZ_Balod_Balod_City_South_Approach | D201: BALOD | E201: Raipur-II SA | F201: HPC | G201: 20.716439 | H201: 81.2337 | I201: 95 | J201: 117 | K201: 109.5 | L201: 146.5 | M201: 111.5 | N201: 146.5 | O201: 90 | P201: 90 | Q201: 108 | R201: 72 | S201: 81 | T201: 45 | U201: 101.5 | V201: 66.5 | W201: 90 | X201: 126 | Y201: 94.5 | Z201: 157.5 | AA201: 104.5 | AB201: 163 | AC201: 90 | AD201: 108 | AE201: 76.5 | AF201: 67.5 | AG201: 89 | AH201: 85 | AI201: 90 | AJ201: 90 | AK201: 81 | AL201: 135 | AM201: 90 | AN201: 90 | AO201: 99 | AP201: 63 | AQ201: 72 | AR201: 54 | AS201: 99 | AT201: 63 | AU201: 99 | AV201: 117 | AW201: 94.5 | AX201: 103.5 | AY201: 104.5 | AZ201: 113.5 | BA201: 90 | BB201: 108 | BC201: 117 | BD201: 135 | BE201: 109.5 | BF201: 92.5
A202: 41017020 | B202: SHREE VINAYAK FUELS | C202: ECZ_Balod_Bodra_Tikhur_Corridor | D202: BALOD | E202: Raipur-II SA | F202: HPC | G202: 20.68247 | H202: 81.416249 | I202: 45 | J202: 27 | K202: 40.5 | L202: 31.5 | M202: 40.5 | N202: 49.5 | O202: 40.5 | P202: 31.5 | Q202: 36 | R202: 18 | S202: 46.5 | T202: 13.5 | U202: 31.5 | V202: 22.5 | W202: 39 | X202: 41 | Y202: 40.5 | Z202: 31.5 | AA202: 41.5 | AB202: 24.5 | AC202: 32 | AD202: 16 | AE202: 46 | AF202: 28 | AG202: 32 | AH202: 16 | AI202: 32 | AJ202: 16 | AK202: 37 | AL202: 37 | AM202: 42 | AN202: 14 | AO202: 28 | AP202: 8 | AQ202: 28 | AR202: 8 | AS202: 32 | AT202: 16 | AU202: 24 | AV202: 12 | AW202: 33 | AX202: 15 | AY202: 41 | AZ202: 19 | BA202: 24 | BB202: 0 | BC202: 33 | BD202: 15 | BE202: 28 | BF202: 8
A203: 41017026 | B203: KISAN DIESEL | C203: ECZ_Balod_Balod_City_Core | D203: BALOD | E203: Raipur-II SA | F203: HPC | G203: 20.743906 | H203: 81.18246 | I203: 20 | J203: 40 | K203: 25 | L203: 55 | M203: 20 | N203: 40 | O203: 25 | P203: 35 | Q203: 25 | R203: 15 | S203: 20 | T203: 20 | U203: 30 | V203: 30 | W203: 20 | X203: 40 | Y203: 25 | Z203: 75 | AA203: 25 | AB203: 55 | AC203: 20 | AD203: 20 | AE203: 20 | AF203: 40 | AG203: 25 | AH203: 35 | AI203: 30 | AJ203: 50 | AK203: 30 | AL203: 50 | AM203: 20 | AN203: 20 | AO203: 25 | AP203: 15 | AQ203: 25 | AR203: 35 | AS203: 20 | AT203: 20 | AU203: 15 | AV203: 45 | AW203: 15 | AX203: 25 | AY203: 30 | AZ203: 50 | BA203: 20 | BB203: 20 | BC203: 25 | BD203: 35 | BE203: 35 | BF203: 25
A204: 41048682 | B204: MAHAMAYA PETROLEUM | C204: ECZ_Balod_Balod_Dondilohara_East_Fringe | D204: BALOD | E204: Raipur-II SA | F204: HPC | G204: 20.818675 | H204: 81.469896 | I204: 27 | J204: 29 | K204: 25 | L204: 29 | M204: 15 | N204: 25 | O204: 17 | P204: 29 | Q204: 21 | R204: 5 | S204: 20 | T204: 8 | U204: 24.5 | V204: 27.5 | W204: 20 | X204: 34 | Y204: 29 | Z204: 49 | AA204: 30 | AB204: 24 | AC204: 18 | AD204: 8 | AE204: 27 | AF204: 31 | AG204: 32 | AH204: 20 | AI204: 29 | AJ204: 49 | AK204: 20 | AL204: 40 | AM204: 23.5 | AN204: 26.5 | AO204: 32 | AP204: 8 | AQ204: 22 | AR204: 10 | AS204: 27 | AT204: 25 | AU204: 25 | AV204: 55 | AW204: 25 | AX204: 35 | AY204: 29 | AZ204: 39 | BA204: 32 | BB204: 14 | BC204: 34 | BD204: 22 | BE204: 20 | BF204: 14
A205: 41017313 | B205: NIRMAL FUELS | C205: ECZ_Balod_Gurur_Dondilohara_Road_East | D205: BALOD | E205: Raipur-II SA | F205: HPC | G205: 20.681398 | H205: 81.509435 | I205: 55 | J205: 195 | K205: 55 | L205: 195 | M205: 65 | N205: 235 | O205: 55 | P205: 170 | Q205: 55 | R205: 145 | S205: 55 | T205: 170 | U205: 65 | V205: 185 | W205: 45 | X205: 155 | Y205: 65 | Z205: 210 | AA205: 60 | AB205: 240 | AC205: 45 | AD205: 205 | AE205: 25 | AF205: 200 | AG205: 65 | AH205: 210 | AI205: 60 | AJ205: 190 | AK205: 55 | AL205: 220 | AM205: 25 | AN205: 175 | AO205: 45 | AP205: 155 | AQ205: 40 | AR205: 160 | AS205: 45 | AT205: 155 | AU205: 25 | AV205: 175 | AW205: 35 | AX205: 190 | AY205: 35 | AZ205: 165 | BA205: 25 | BB205: 200 | BC205: 40 | BD205: 260 | BE205: 35 | BF205: 265
A206: 41015504 | B206: ANKIT FUELS | C206: ECZ_Balod_Gurur_Durg_NH30_North | D206: BALOD | E206: Raipur-II SA | F206: HPC | G206: 20.940157 | H206: 81.29446 | I206: 40.5 | J206: 49.5 | K206: 54 | L206: 90 | M206: 54 | N206: 90 | O206: 40.5 | P206: 31.5 | Q206: 45 | R206: 45 | S206: 45 | T206: 45 | U206: 54 | V206: 54 | W206: 45 | X206: 63 | Y206: 54 | Z206: 90 | AA206: 49.5 | AB206: 58.5 | AC206: 45 | AD206: 63 | AE206: 40.5 | AF206: 49.5 | AG206: 67.5 | AH206: 76.5 | AI206: 54 | AJ206: 54 | AK206: 54 | AL206: 90 | AM206: 45 | AN206: 45 | AO206: 58.5 | AP206: 31.5 | AQ206: 49.5 | AR206: 40.5 | AS206: 63 | AT206: 45 | AU206: 40.5 | AV206: 67.5 | AW206: 54 | AX206: 72 | AY206: 49.5 | AZ206: 76.5 | BA206: 40.5 | BB206: 49.5 | BC206: 49.5 | BD206: 58.5 | BE206: 64 | BF206: 172
A207: 41015515 | B207: MAHLA PETROL PUMP | C207: ECZ_Balod_Gunderdehi_NH30 | D207: BALOD | E207: Raipur-II SA | F207: HPC | G207: 20.634055 | H207: 81.078663 | I207: 65 | J207: 55 | K207: 70 | L207: 90 | M207: 80 | N207: 100 | O207: 55 | P207: 45 | Q207: 70 | R207: 50 | S207: 70 | T207: 50 | U207: 70 | V207: 50 | W207: 65 | X207: 55 | Y207: 80 | Z207: 80 | AA207: 70 | AB207: 70 | AC207: 80 | AD207: 60 | AE207: 65 | AF207: 75 | AG207: 89 | AH207: 89 | AI207: 85 | AJ207: 95 | AK207: 80 | AL207: 100 | AM207: 75 | AN207: 85.033 | AO207: 100 | AP207: 60 | AQ207: 59.5 | AR207: 58.52 | AS207: 85 | AT207: 55 | AU207: 85 | AV207: 115 | AW207: 85 | AX207: 95 | AY207: 85 | AZ207: 75 | BA207: 85 | BB207: 75 | BC207: 90 | BD207: 110 | BE207: 85 | BF207: 135
... A221: 41039677 | B221: AARA FUELS | C221: ECZ_Balod_Gurur_Dondilohara_Road_East | D221: BALOD | E221: Raipur-II SA | F221: HPC | G221: 20.660242 | H221: 81.474105 | I221: 28 | J221: 84 | K221: 24 | L221: 72 | M221: 26 | N221: 116 | O221: 24 | P221: 72 | Q221: 29 | R221: 41 | S221: 20 | T221: 51 | U221: 21 | V221: 49 | W221: 19 | X221: 53 | Y221: 29 | Z221: 51 | AA221: 22 | AB221: 66 | AC221: 18 | AD221: 48 | AE221: 28 | AF221: 56 | AG221: 26 | AH221: 62 | AI221: 27 | AJ221: 60 | AK221: 26 | AL221: 60.02 | AM221: 21 | AN221: 45 | AO221: 26 | AP221: 62 | AQ221: 21 | AR221: 43 | AS221: 28.5 | AT221: 49.5 | AU221: 27 | AV221: 69 | AW221: 22 | AX221: 48 | AY221: 30 | AZ221: 64 | BA221: 15 | BB221: 41 | BC221: 22 | BD221: 48 | BE221: 16 | BF221: 38
A222: 41076399 | B222: NEELAM FILLING STATION | C222: ECZ_Balod_Balod_East_Bemetara_Road | D222: BALOD | E222: Raipur-II SA | F222: HPC | G222: 20.84213 | H222: 81.34024 | AA222: 0 | AB222: 4.5 | AC222: 0 | AD222: 0 | AE222: 0 | AF222: 0 | AG222: 0 | AH222: 0 | AI222: 9 | AJ222: 9 | AK222: 4.5 | AL222: 13.5 | AM222: 12 | AN222: 0 | AO222: 8 | AP222: 4 | AQ222: 12 | AR222: 0 | AS222: 9 | AT222: 5 | AU222: 14 | AV222: 26 | AW222: 13 | AX222: 13 | AY222: 10 | AZ222: 4 | BA222: 12 | BB222: 0 | BC222: 12 | BD222: 14 | BE222: 8 | BF222: 4
A223: 41077415 | B223: SHREE GOVIND FUELS | C223: ECZ_Balod_Balod_West_SH | D223: BALOD | E223: Raipur-II SA | F223: HPC | G223: 20.77396 | H223: 81.12485 | AC223: 0 | AD223: 5 | AE223: 0 | AF223: 0 | AG223: 0 | AH223: 0 | AI223: 0 | AJ223: 0 | AK223: 0 | AL223: 0 | AM223: 9 | AN223: 9 | AO223: 33 | AP223: 5 | AQ223: 21 | AR223: 5 | AS223: 33 | AT223: 17 | AU223: 34 | AV223: 54 | AW223: 32 | AX223: 40 | AY223: 40 | AZ223: 32 | BA223: 33 | BB223: 23 | BC223: 37 | BD223: 29 | BE223: 32 | BF223: 16
A224: 41052928 | B224: DHAMTARI ENTERPRISES | C224: ECZ_Dhamtari_Dhamtari_City | D224: DHAMTARI | E224: Raipur-II SA | F224: HPC | G224: 20.70814 | H224: 81.54297 | I224: 109.5 | J224: 130.5 | K224: 139.5 | L224: 148.5 | M224: 121.5 | N224: 148.5 | O224: 117 | P224: 153 | Q224: 135 | R224: 117 | S224: 121.5 | T224: 112.5 | U224: 139.5 | V224: 130.5 | W224: 130.5 | X224: 139.5 | Y224: 139.5 | Z224: 166.5 | AA224: 135 | AB224: 171 | AC224: 126 | AD224: 108 | AE224: 130.5 | AF224: 121.5 | AG224: 135 | AH224: 135 | AI224: 139.5 | AJ224: 148.5 | AK224: 130.5 | AL224: 157.5 | AM224: 135 | AN224: 135 | AO224: 139.5 | AP224: 112.5 | AQ224: 130.5 | AR224: 103.5 | AS224: 153 | AT224: 99 | AU224: 121.5 | AV224: 130.5 | AW224: 130.5 | AX224: 139.5 | AY224: 135 | AZ224: 135 | BA224: 121.5 | BB224: 130.5 | BC224: 126 | BD224: 144 | BE224: 139.5 | BF224: 130.5
A225: 41032948 | B225: B BANSILAL | C225: ECZ_Dhamtari_Dhamtari_City | D225: DHAMTARI | E225: Raipur-II SA | F225: HPC | G225: 20.710977 | H225: 81.549034 | I225: 56 | J225: 8 | K225: 64 | L225: 44 | M225: 60 | N225: 36 | O225: 60 | P225: 36 | Q225: 64 | R225: 44 | S225: 60 | T225: 24 | U225: 64 | V225: 32 | W225: 56 | X225: 40 | Y225: 64 | Z225: 44 | AA225: 60 | AB225: 48 | AC225: 52 | AD225: 32 | AE225: 56 | AF225: 40 | AG225: 60 | AH225: 36 | AI225: 52 | AJ225: 20 | AK225: 64 | AL225: 32 | AM225: 52 | AN225: 32 | AO225: 64 | AP225: 32 | AQ225: 60 | AR225: 36 | AS225: 48 | AT225: 24 | AU225: 52 | AV225: 32 | AW225: 60 | AX225: 36 | AY225: 52 | AZ225: 32 | BA225: 44 | BB225: 28 | BC225: 54 | BD225: 38 | BE225: 52 | BF225: 32
A226: 41048273 | B226: SARVESHWAR AUTO FUELS | C226: ECZ_Dhamtari_Dhamtari_Nagri_East | D226: DHAMTARI | E226: Raipur-II SA | F226: HPC | G226: 20.82561 | H226: 81.70263 | I226: 13.5 | J226: 16.5 | K226: 0 | L226: 0 | M226: 15 | N226: 25 | O226: 20 | P226: 20 | Q226: 23.5 | R226: 14.5 | S226: 13.5 | T226: 4.5 | U226: 23.5 | V226: 14.5 | W226: 22.5 | X226: 31.5 | Y226: 35 | Z226: 45 | AA226: 30 | AB226: 30 | AC226: 33.5 | AD226: 104.5 | AE226: 23 | AF226: 29 | AG226: 42.5 | AH226: 33.5 | AI226: 24.5 | AJ226: 33.5 | AK226: 33.5 | AL226: 44.5 | AM226: 20 | AN226: 20 | AO226: 27 | AP226: 9 | AQ226: 14 | AR226: 0 | AS226: 29 | AT226: 5 | AU226: 23 | AV226: 33 | AW226: 9 | AX226: 29 | AY226: 23 | AZ226: 85 | BA226: 15 | BB226: 103 | BC226: 32 | BD226: 54 | BE226: 38 | BF226: 58
A227: 41041398 | B227: RAJESH ANAND FUELS | C227: ECZ_Dhamtari_Nagri_Sihawa_South | D227: DHAMTARI | E227: Raipur-II SA | F227: HPC | G227: 20.36116 | H227: 81.94116 | I227: 76.5 | J227: 85.5 | K227: 76.5 | L227: 103.5 | M227: 76.5 | N227: 121.5 | O227: 72 | P227: 126 | Q227: 76.5 | R227: 49.5 | S227: 63 | T227: 45 | U227: 76.5 | V227: 67.5 | W227: 72 | X227: 108 | Y227: 76.5 | Z227: 121.5 | AA227: 67.5 | AB227: 112.5 | AC227: 81 | AD227: 81 | AE227: 58.5 | AF227: 49.5 | AG227: 67.5 | AH227: 58.5 | AI227: 70.5 | AJ227: 99.5 | AK227: 75 | AL227: 125 | AM227: 80 | AN227: 120 | AO227: 60 | AP227: 40 | AQ227: 55 | AR227: 45 | AS227: 80 | AT227: 60 | AU227: 55 | AV227: 85 | AW227: 70 | AX227: 105 | AY227: 70 | AZ227: 90 | BA227: 70 | BB227: 70 | BC227: 70 | BD227: 70 | BE227: 75 | BF227: 85
A228: 41055441 | B228: SHRI RAMA FUELS | C228: ECZ_Dhamtari_NH_Kurud_Corridor | D228: DHAMTARI | E228: Raipur-II SA | F228: HPC | G228: 20.775553 | H228: 81.492315 | I228: 63 | J228: 81 | K228: 72.5 | L228: 95.5 | M228: 67.5 | N228: 112.5 | O228: 63 | P228: 99 | Q228: 76.5 | R228: 49.5 | S228: 58.5 | T228: 31.5 | U228: 72 | V228: 54 | W228: 68 | X228: 154 | Y228: 81 | Z228: 99 | AA228: 67.5 | AB228: 76.5 | AC228: 76.5 | AD228: 49.5 | AE228: 58.5 | AF228: 67.5 | AG228: 85.5 | AH228: 76.5 | AI228: 76.5 | AJ228: 85.5 | AK228: 72 | AL228: 144 | AM228: 63 | AN228: 63 | AO228: 85.5 | AP228: 40.5 | AQ228: 58.5 | AR228: 31.5 | AS228: 72 | AT228: 54 | AU228: 58.5 | AV228: 139.5 | AW228: 68.5 | AX228: 77.5 | AY228: 67.5 | AZ228: 58.5 | BA228: 72 | BB228: 54 | BC228: 72 | BD228: 72 | BE228: 76.5 | BF228: 67.5
A229: 41016721 | B229: MAA JAGDAMBA FUELS | C229: ECZ_Dhamtari_NH30_North_Raipur | D229: DHAMTARI | E229: Raipur-II SA | F229: HPC | G229: 20.910943 | H229: 81.604834 | I229: 27.5 | J229: 28.5 | K229: 32.5 | L229: 23.5 | M229: 28 | N229: 28 | O229: 40.5 | P229: 31.5 | Q229: 27 | R229: 9 | S229: 34.5 | T229: 13.5 | U229: 31.5 | V229: 22.5 | W229: 33 | X229: 31 | Y229: 37.5 | Z229: 38.5 | AA229: 31.5 | AB229: 22.5 | AC229: 36 | AD229: 18 | AE229: 41 | AF229: 27 | AG229: 34 | AH229: 20 | AI229: 37.01 | AJ229: 29.02 | AK229: 36 | AL229: 46 | AM229: 23.5 | AN229: 14.5 | AO229: 30 | AP229: 10 | AQ229: 33 | AR229: 9 | AS229: 30 | AT229: 12 | AU229: 32 | AV229: 36 | AW229: 24.018 | AX229: 24.08 | AY229: 42.51 | AZ229: 23.535 | BA229: 20 | BB229: 8 | BC229: 36 | BD229: 32 | BE229: 19 | BF229: 21
A230: 41048687 | B230: KRISHNA FUELS | C230: ECZ_Dhamtari_Dhamtari_Nagri_East | D230: DHAMTARI | E230: Raipur-II SA | F230: HPC | G230: 20.858863 | H230: 81.698317 | I230: 22.5 | J230: 49.5 | K230: 27 | L230: 63 | M230: 27 | N230: 63 | O230: 18 | P230: 54 | Q230: 27 | R230: 27 | S230: 18 | T230: 36 | U230: 22.5 | V230: 31.5 | W230: 22.5 | X230: 67.5 | Y230: 27 | Z230: 63 | AA230: 18.5 | AB230: 55.5 | AC230: 22.5 | AD230: 49.5 | AE230: 27 | AF230: 45 | AG230: 13.5 | AH230: 22.5 | AI230: 27 | AJ230: 63 | AK230: 18 | AL230: 54 | AM230: 27 | AN230: 45 | AO230: 31.5 | AP230: 40.5 | AQ230: 22.5 | AR230: 31.5 | AS230: 13.5 | AT230: 22.5 | AU230: 22.5 | AV230: 67.5 | AW230: 22.5 | AX230: 67.5 | AY230: 27 | AZ230: 45 | BA230: 27 | BB230: 45 | BC230: 27 | BD230: 45 | BE230: 30.5 | BF230: 35.5
A231: 41048159 | B231: SHRI RADHE FUELS | C231: ECZ_Dhamtari_Mahanadi_Mandraud | D231: DHAMTARI | E231: Raipur-II SA | F231: HPC | G231: 20.816849 | H231: 81.757743 | I231: 43 | J231: 53 | K231: 44.5 | L231: 81.5 | M231: 39.5 | N231: 82.5 | O231: 35 | P231: 69 | Q231: 33.5 | R231: 24.5 | S231: 40 | T231: 20 | U231: 40 | V231: 20 | W231: 25 | X231: 55 | Y231: 45 | Z231: 95 | AA231: 40 | AB231: 100 | AC231: 35 | AD231: 25 | AE231: 35 | AF231: 65 | AG231: 45 | AH231: 75 | AI231: 35 | AJ231: 105 | AK231: 40 | AL231: 140 | AM231: 35 | AN231: 45 | AO231: 30 | AP231: 30 | AQ231: 40 | AR231: 20 | AS231: 35 | AT231: 19 | AU231: 35 | AV231: 85 | AW231: 40 | AX231: 120 | AY231: 25 | AZ231: 73 | BA231: 45 | BB231: 55 | BC231: 40 | BD231: 80 | BE231: 45 | BF231: 75
A232: 41048163 | B232: RAJ RAJESHWARI FUELS | C232: ECZ_Dhamtari_NH30_North_Raipur | D232: DHAMTARI | E232: Raipur-II SA | F232: HPC | G232: 20.821652 | H232: 81.538343 | I232: 13.5 | J232: 22.5 | K232: 23 | L232: 29 | M232: 12 | N232: 24 | O232: 17 | P232: 21 | Q232: 16 | R232: 8 | S232: 20 | T232: 4 | U232: 8 | V232: 4 | W232: 0 | X232: 0 | Y232: 0 | Z232: 0 | AA232: 0 | AB232: 0 | AC232: 16 | AD232: 8 | AE232: 16 | AF232: 20 | AG232: 17.01 | AH232: 21 | AI232: 16 | AJ232: 22 | AK232: 20.5 | AL232: 49.5 | AM232: 17 | AN232: 21.024 | AO232: 24 | AP232: 0 | AQ232: 16 | AR232: 8 | AS232: 24.5 | AT232: 17.5 | AU232: 14 | AV232: 38 | AW232: 26 | AX232: 54.014 | AY232: 26 | AZ232: 12 | BA232: 24 | BB232: 16 | BC232: 24 | BD232: 22 | BE232: 19 | BF232: 29
A233: 41058173 | B233: MAA KARMA FUELS | C233: ECZ_Dhamtari_NH30_North_Raipur | D233: DHAMTARI | E233: Raipur-II SA | F233: HPC | G233: 20.875398 | H233: 81.544645 | I233: 31.5 | J233: 22.5 | K233: 31.5 | L233: 40.5 | M233: 27 | N233: 45 | O233: 39 | P233: 45 | Q233: 21 | R233: 9 | S233: 37.5 | T233: 4.5 | U233: 31.5 | V233: 22.5 | W233: 27 | X233: 45 | Y233: 31.5 | Z233: 58.5 | AA233: 36 | AB233: 36 | AC233: 33 | AD233: 9 | AE233: 40 | AF233: 22 | AG233: 30 | AH233: 18 | AI233: 40.5 | AJ233: 49.5 | AK233: 27 | AL233: 63 | AM233: 31.5 | AN233: 40.5 | AO233: 34.5 | AP233: 13.5 | AQ233: 24 | AR233: 0 | AS233: 38.5 | AT233: 21.5 | AU233: 18 | AV233: 36 | AW233: 45 | AX233: 63 | AY233: 29 | AZ233: 29 | BA233: 40.5 | BB233: 13.5 | BC233: 40.5 | BD233: 31.5 | BE233: 31.5 | BF233: 22.5
A234: 41017302 | B234: FIZA FUELS | C234: ECZ_Dhamtari_NH30_South_Nagri | D234: DHAMTARI | E234: Raipur-II SA | F234: HPC | G234: 20.669343 | H234: 81.582809 | I234: 33 | J234: 43 | K234: 36 | L234: 54 | M234: 32 | N234: 60 | O234: 27 | P234: 45 | Q234: 37 | R234: 37 | S234: 27 | T234: 27 | U234: 28.5 | V234: 47.5 | W234: 23.5 | X234: 52.5 | Y234: 33 | Z234: 79 | AA234: 33 | AB234: 43 | AC234: 23.5 | AD234: 32.5 | AE234: 31.5 | AF234: 40.5 | AG234: 27 | AH234: 45 | AI234: 23 | AJ234: 33 | AK234: 23.5 | AL234: 32.5 | AM234: 19 | AN234: 19 | AO234: 18 | AP234: 18 | AQ234: 27 | AR234: 27 | AS234: 13.5 | AT234: 4.5 | AU234: 19 | AV234: 19 | AW234: 31.5 | AX234: 40.5 | AY234: 18 | AZ234: 18 | BA234: 27 | BB234: 27 | BC234: 13.5 | BD234: 18.5 | BE234: 16 | BF234: 20
A235: 41015203 | B235: SHRI BALAJI FUELS | C235: ECZ_Dhamtari_Dhamtari_North | D235: DHAMTARI | E235: Raipur-II SA | F235: HPC | G235: 20.735884 | H235: 81.568578 | I235: 58.5 | J235: 85.5 | K235: 63.5 | L235: 86.5 | M235: 54 | N235: 72 | O235: 54 | P235: 90 | Q235: 54 | R235: 90 | S235: 63 | T235: 99 | U235: 76.5 | V235: 103.5 | W235: 54 | X235: 108 | Y235: 76.5 | Z235: 127.5 | AA235: 76.5 | AB235: 139.5 | AC235: 63 | AD235: 81 | AE235: 58.5 | AF235: 85.5 | AG235: 63 | AH235: 99 | AI235: 67.5 | AJ235: 94.5 | AK235: 63 | AL235: 99 | AM235: 59 | AN235: 73 | AO235: 69 | AP235: 59 | AQ235: 58.5 | AR235: 49.5 | AS235: 63 | AT235: 45 | AU235: 58.5 | AV235: 67.5 | AW235: 63 | AX235: 81 | AY235: 58.5 | AZ235: 67.5 | BA235: 63 | BB235: 63 | BC235: 67.5 | BD235: 58.5 | BE235: 76.5 | BF235: 85.5
... A242: 41033916 | B242: SHRI KRISHNA HP FUELS | C242: ECZ_Dhamtari_NH30_North_Raipur | D242: DHAMTARI | E242: Raipur-II SA | F242: HPC | G242: 20.857459 | H242: 81.596575 | I242: 12 | J242: 12 | K242: 12 | L242: 24 | M242: 24 | N242: 48 | O242: 12 | P242: 12 | Q242: 20 | R242: 4 | S242: 20 | T242: 16 | U242: 20 | V242: 16 | W242: 20 | X242: 28 | Y242: 20 | Z242: 40 | AA242: 17 | AB242: 27 | AC242: 20 | AD242: 16 | AE242: 16 | AF242: 32 | AG242: 16 | AH242: 20 | AI242: 12 | AJ242: 24 | AK242: 20 | AL242: 52 | AM242: 12 | AN242: 0 | AO242: 16 | AP242: 20 | AQ242: 12 | AR242: 12 | AS242: 12 | AT242: 0 | AU242: 16 | AV242: 44 | AW242: 20 | AX242: 40 | AY242: 24 | AZ242: 36 | BA242: 16 | BB242: 32 | BC242: 20 | BD242: 28 | BE242: 16 | BF242: 32
A243: 41090103 | B243: AARYAN PETROL PUMP | C243: ECZ_Dhamtari_Nagri_South_Corridor | D243: DHAMTARI | E243: Raipur-II SA | F243: HPC | G243: 20.069898 | H243: 81.876042 | AW243: 0 | AX243: 5 | AY243: 0 | AZ243: 0 | BA243: 0 | BB243: 0 | BC243: 0 | BD243: 0 | BE243: 0 | BF243: 0
A244: 41055451 | B244: UNNATI FUELS | C244: ECZ_Gariyaband_Gariyaband_Southeast | D244: GARIYABAND | E244: Raipur-II SA | F244: HPC | G244: 19.902417 | H244: 82.652346 | I244: 100 | J244: 80 | K244: 100 | L244: 120 | M244: 85 | N244: 115 | O244: 110 | P244: 50 | Q244: 90 | R244: 30 | S244: 110 | T244: 30 | U244: 120 | V244: 60 | W244: 95 | X244: 85 | Y244: 90 | Z244: 70 | AA244: 115 | AB244: 85 | AC244: 115 | AD244: 65 | AE244: 120 | AF244: 80 | AG244: 100 | AH244: 80 | AI244: 95 | AJ244: 105 | AK244: 105 | AL244: 135 | AM244: 100 | AN244: 60 | AO244: 105 | AP244: 35 | AQ244: 105 | AR244: 35 | AS244: 100 | AT244: 60 | AU244: 85 | AV244: 75 | AW244: 105 | AX244: 95 | AY244: 115 | AZ244: 85 | BA244: 110 | BB244: 50 | BC244: 120 | BD244: 80 | BE244: 110 | BF244: 70
A245: 41055452 | B245: SHANTI FUELS | C245: ECZ_Gariyaband_Gariyaband_Town | D245: GARIYABAND | E245: Raipur-II SA | F245: HPC | G245: 20.637782 | H245: 82.059152 | I245: 56 | J245: 52 | K245: 56 | L245: 88 | M245: 56.5 | N245: 81.5 | O245: 52 | P245: 68 | Q245: 64 | R245: 44 | S245: 52 | T245: 32 | U245: 60 | V245: 48 | W245: 52 | X245: 68 | Y245: 52 | Z245: 92 | AA245: 52 | AB245: 80 | AC245: 56 | AD245: 52 | AE245: 60 | AF245: 48 | AG245: 64 | AH245: 56 | AI245: 56 | AJ245: 88 | AK245: 56 | AL245: 76 | AM245: 60 | AN245: 60 | AO245: 60 | AP245: 36 | AQ245: 64 | AR245: 32 | AS245: 52 | AT245: 32 | AU245: 52 | AV245: 92 | AW245: 60 | AX245: 108 | AY245: 57 | AZ245: 77 | BA245: 56 | BB245: 64 | BC245: 68 | BD245: 64 | BE245: 64 | BF245: 56
A246: 41016707 | B246: SANGAM FUELS | C246: ECZ_Gariyaband_NH30_Rajim_Town | D246: GARIYABAND | E246: Raipur-II SA | F246: HPC | G246: 20.96784 | H246: 81.881492 | I246: 54 | J246: 36 | K246: 76.5 | L246: 67.5 | M246: 72 | N246: 54 | O246: 77.5 | P246: 50.5 | Q246: 81 | R246: 45 | S246: 72 | T246: 36 | U246: 90 | V246: 54 | W246: 58.5 | X246: 49.5 | Y246: 76.5 | Z246: 85.5 | AA246: 81 | AB246: 81 | AC246: 63 | AD246: 45 | AE246: 81 | AF246: 45 | AG246: 72 | AH246: 54 | AI246: 63 | AJ246: 63 | AK246: 72 | AL246: 72 | AM246: 72 | AN246: 54 | AO246: 72 | AP246: 36 | AQ246: 67.5 | AR246: 40.5 | AS246: 73.5 | AT246: 36.5 | AU246: 54 | AV246: 54 | AW246: 73 | AX246: 73 | AY246: 68 | AZ246: 64 | BA246: 65 | BB246: 47 | BC246: 54 | BD246: 36 | BE246: 49.5 | BF246: 40.5
A247: 41016718 | B247: SHRI SAI FUELS | C247: ECZ_Gariyaband_NH30_Chhura_Corridor | D247: GARIYABAND | E247: Raipur-II SA | F247: HPC | G247: 20.79954 | H247: 81.934964 | I247: 90 | J247: 72 | K247: 99 | L247: 189 | M247: 81 | N247: 171 | O247: 103.5 | P247: 112.5 | Q247: 94.5 | R247: 49.5 | S247: 99 | T247: 45 | U247: 94.5 | V247: 67.5 | W247: 90 | X247: 162 | Y247: 99 | Z247: 315 | AA247: 108 | AB247: 342 | AC247: 103.5 | AD247: 220.5 | AE247: 117 | AF247: 81 | AG247: 108 | AH247: 72 | AI247: 103.5 | AJ247: 184.5 | AK247: 99 | AL247: 243 | AM247: 99 | AN247: 99 | AO247: 121.5 | AP247: 58.5 | AQ247: 103.5 | AR247: 58.5 | AS247: 108 | AT247: 72 | AU247: 81 | AV247: 153 | AW247: 104.5 | AX247: 217.5 | AY247: 107 | AZ247: 369 | BA247: 104.5 | BB247: 235.5 | BC247: 117 | BD247: 81 | BE247: 117 | BF247: 81
A248: 41017085 | B248: PARMESHWARI FUELS | C248: ECZ_Gariyaband_NH30_Rajim_East | D248: GARIYABAND | E248: Raipur-II SA | F248: HPC | G248: 20.965452 | H248: 81.981765 | I248: 49.5 | J248: 40.5 | K248: 54 | L248: 126 | M248: 54 | N248: 108 | O248: 54 | P248: 72 | Q248: 58.5 | R248: 49.5 | S248: 54 | T248: 36 | U248: 72 | V248: 54 | W248: 45 | X248: 135 | Y248: 63 | Z248: 117 | AA248: 58.5 | AB248: 85.5 | AC248: 67.5 | AD248: 58.5 | AE248: 58.5 | AF248: 49.5 | AG248: 67.5 | AH248: 58.5 | AI248: 63 | AJ248: 135 | AK248: 54 | AL248: 144 | AM248: 54 | AN248: 54 | AO248: 72 | AP248: 36 | AQ248: 54 | AR248: 36 | AS248: 63 | AT248: 45 | AU248: 49.5 | AV248: 112.5 | AW248: 49.5 | AX248: 94.5 | AY248: 59.5 | AZ248: 86.5 | BA248: 49.5 | BB248: 40.5 | BC248: 40.5 | BD248: 31.5 | BE248: 54 | BF248: 36
A249: 41041408 | B249: HP TIKARIHA PETROLEUM CHURRA | C249: ECZ_Gariyaband_Tikariha_Chhura_Town | D249: GARIYABAND | E249: Raipur-II SA | F249: HPC | G249: 20.814794 | H249: 82.206486 | I249: 28 | J249: 20 | K249: 36 | L249: 36 | M249: 32 | N249: 40 | O249: 28 | P249: 32 | Q249: 16 | R249: 8 | S249: 16 | T249: 8 | U249: 28 | V249: 32 | W249: 28 | X249: 44 | Y249: 24 | Z249: 60 | AA249: 28 | AB249: 44 | AC249: 20.5 | AD249: 33.5 | AE249: 36 | AF249: 48 | AG249: 32 | AH249: 40 | AI249: 32 | AJ249: 62 | AK249: 29 | AL249: 55 | AM249: 24 | AN249: 12 | AO249: 32 | AP249: 16 | AQ249: 32 | AR249: 16 | AS249: 32 | AT249: 16 | AU249: 24 | AV249: 36 | AW249: 32 | AX249: 64 | AY249: 36 | AZ249: 48 | BA249: 28 | BB249: 32 | BC249: 36 | BD249: 36 | BE249: 32 | BF249: 28
A250: 41041423 | B250: HP ANSHIKA FUELS AMLIPADAR | C250: ECZ_Gariyaband_Bindranawagarh_Amlipadar | D250: GARIYABAND | E250: Raipur-II SA | F250: HPC | G250: 19.926992 | H250: 82.442028 | I250: 72 | J250: 96 | K250: 79 | L250: 189 | M250: 73.5 | N250: 180.5 | O250: 64 | P250: 68 | Q250: 64 | R250: 20 | S250: 56 | T250: 16 | U250: 72 | V250: 60 | W250: 64 | X250: 104 | Y250: 72.5 | Z250: 77.5 | AA250: 72 | AB250: 72 | AC250: 85 | AD250: 53 | AE250: 84 | AF250: 60 | AG250: 80 | AH250: 76 | AI250: 76 | AJ250: 120.01 | AK250: 68 | AL250: 182.02 | AM250: 68 | AN250: 52 | AO250: 72 | AP250: 36 | AQ250: 64 | AR250: 20 | AS250: 68 | AT250: 40 | AU250: 50 | AV250: 78.025 | AW250: 72 | AX250: 96 | AY250: 76 | AZ250: 80 | BA250: 72 | BB250: 48 | BC250: 85 | BD250: 63 | BE250: 64 | BF250: 32
A251: 41041480 | B251: K.B FUELS HP | C251: ECZ_Gariyaband_Gariyaband_Town | D251: GARIYABAND | E251: Raipur-II SA | F251: HPC | G251: 20.649171 | H251: 82.091272 | I251: 68 | J251: 40 | K251: 68 | L251: 88 | M251: 68 | N251: 100 | O251: 60 | P251: 96 | Q251: 64 | R251: 20 | S251: 64 | T251: 20 | U251: 64 | V251: 32 | W251: 64 | X251: 80 | Y251: 60 | Z251: 72 | AA251: 76 | AB251: 80 | AC251: 76 | AD251: 44 | AE251: 84 | AF251: 36 | AG251: 69 | AH251: 35 | AI251: 68 | AJ251: 100 | AK251: 72 | AL251: 108 | AM251: 64 | AN251: 92 | AO251: 76 | AP251: 20 | AQ251: 64 | AR251: 20 | AS251: 68 | AT251: 28 | AU251: 60 | AV251: 72 | AW251: 72 | AX251: 84 | AY251: 76 | AZ251: 68 | BA251: 72 | BB251: 36 | BC251: 72 | BD251: 36 | BE251: 68 | BF251: 28
A252: 41077332 | B252: ADHOC SHRI OM SWASTIK FUELS(OLD- 41032686 ADHOC MERAJ FUELS) | C252: ECZ_Gariyaband_NH30_Rajim_East | D252: GARIYABAND | E252: Raipur-II SA | F252: HPC | G252: 20.967459 | H252: 82.021452 | I252: 36 | J252: 54 | K252: 46.5 | L252: 83.5 | M252: 45 | N252: 81 | O252: 54.5 | P252: 55.5 | Q252: 9 | R252: 9 | S252: 0 | T252: 0 | U252: 0 | V252: 0 | W252: 10 | X252: 10 | Y252: 40 | Z252: 80 | AA252: 52 | AB252: 80 | AC252: 49 | AD252: 41 | AE252: 50 | AF252: 38 | AG252: 55.5 | AH252: 38.5 | AI252: 57 | AJ252: 77 | AK252: 52 | AL252: 130 | AM252: 57 | AN252: 37 | AO252: 60 | AP252: 24 | AQ252: 62.5 | AR252: 19.5 | AS252: 40 | AT252: 34 | AU252: 49 | AV252: 83 | AW252: 55 | AX252: 87 | AY252: 55 | AZ252: 45 | BA252: 44 | BB252: 24 | BC252: 54 | BD252: 30 | BE252: 62 | BF252: 24
A253: 41029426 | B253: SAHU FUEL HP | C253: ECZ_Gariyaband_NH30_Rajim_Town | D253: GARIYABAND | E253: Raipur-II SA | F253: HPC | G253: 20.948813 | H253: 81.902 | I253: 0 | J253: 0 | K253: 0 | L253: 0 | M253: 0 | N253: 0 | O253: 0 | P253: 0 | Q253: 0 | R253: 0 | S253: 0 | T253: 0 | U253: 0 | V253: 0 | W253: 0 | X253: 0 | Y253: 0 | Z253: 0 | AA253: 8 | AB253: 4 | AC253: 0 | AD253: 0 | AE253: 0 | AF253: 0 | AG253: 0 | AH253: 0 | AI253: 0 | AJ253: 0 | AK253: 0 | AL253: 0 | AM253: 0 | AN253: 0 | AO253: 0 | AP253: 0 | AQ253: 0 | AR253: 0 | AS253: 0 | AT253: 0 | AU253: 0 | AV253: 0 | AW253: 0 | AX253: 0 | AY253: 0 | AZ253: 0 | BA253: 0 | BB253: 0 | BC253: 0 | BD253: 0 | BE253: 0 | BF253: 0
A254: 41032976 | B254: SHRI LAXMI LEELA ENERGY | C254: ECZ_Gariyaband_Mainpur_Fingeshwar | D254: GARIYABAND | E254: Raipur-II SA | F254: HPC | G254: 20.284008 | H254: 82.230858 | I254: 0 | J254: 0 | K254: 0 | L254: 0 | M254: 0 | N254: 0 | O254: 12 | P254: 12 | Q254: 36 | R254: 24 | S254: 28 | T254: 8 | U254: 44 | V254: 16 | W254: 24 | X254: 24 | Y254: 40 | Z254: 32 | AA254: 48 | AB254: 48 | AC254: 36 | AD254: 24 | AE254: 36 | AF254: 24 | AG254: 36 | AH254: 24 | AI254: 32 | AJ254: 40 | AK254: 36 | AL254: 72 | AM254: 24 | AN254: 36 | AO254: 32 | AP254: 16 | AQ254: 20 | AR254: 4 | AS254: 32 | AT254: 16 | AU254: 28 | AV254: 20 | AW254: 24 | AX254: 24 | AY254: 32 | AZ254: 28 | BA254: 28 | BB254: 32 | BC254: 28 | BD254: 20 | BE254: 28 | BF254: 20
A255: 41052929 | B255: B DAMODAR & CO | C255: ECZ_Bastar_Jagdalpur_City_Centre | D255: BASTAR | E255: Jagdalpur SA | F255: HPC | G255: 19.09187 | H255: 82.0197 | I255: 139.5 | J255: 76.5 | K255: 139.5 | L255: 76.5 | M255: 112.5 | N255: 67.5 | O255: 126 | P255: 54 | Q255: 126 | R255: 36 | S255: 108 | T255: 36 | U255: 108 | V255: 36 | W255: 112.5 | X255: 49.5 | Y255: 117 | Z255: 99 | AA255: 108 | AB255: 72 | AC255: 108 | AD255: 54 | AE255: 112.5 | AF255: 31.5 | AG255: 127.5 | AH255: 54.5 | AI255: 127.5 | AJ255: 54.5 | AK255: 127.5 | AL255: 72.5 | AM255: 121.5 | AN255: 40.5 | AO255: 121.5 | AP255: 40.5 | AQ255: 94.5 | AR255: 31.5 | AS255: 135 | AT255: 45 | AU255: 90 | AV255: 18 | AW255: 0 | AX255: 0 | AY255: 0 | AZ255: 0 | BA255: 0 | BB255: 0 | BC255: 0 | BD255: 0 | BE255: 27 | BF255: 9
... A266: 41072742 | B266: PATEL ENERGY POINT | C266: ECZ_Bastar_NH30_Farasgaon | D266: BASTAR | E266: Jagdalpur SA | F266: HPC | G266: 19.358852 | H266: 81.807228 | I266: 0 | J266: 0 | K266: 0 | L266: 0 | M266: 0 | N266: 0 | O266: 0 | P266: 0 | Q266: 0 | R266: 0 | S266: 0 | T266: 0 | U266: 0 | V266: 0 | W266: 0 | X266: 0 | Y266: 0 | Z266: 0 | AA266: 0 | AB266: 0 | AC266: 0 | AD266: 0 | AE266: 0 | AF266: 0 | AG266: 0 | AH266: 0 | AI266: 0 | AJ266: 0 | AK266: 8 | AL266: 4 | AM266: 12 | AN266: 12 | AO266: 48 | AP266: 24 | AQ266: 51 | AR266: 30 | AS266: 67 | AT266: 48 | AU266: 46 | AV266: 101 | AW266: 66.122 | AX266: 117.03 | AY266: 63 | AZ266: 96 | BA266: 66 | BB266: 86.06 | BC266: 77.01 | BD266: 115.047 | BE266: 98.075 | BF266: 190.073
A267: 41064851 | B267: Ms BAGHEL FUELS HP | C267: ECZ_Bastar_NH30_South_Dantewada_Approach | D267: BASTAR | E267: Jagdalpur SA | F267: HPC | G267: 18.952812 | H267: 81.896672 | Q267: 0 | R267: 4 | S267: 0 | T267: 0 | U267: 0 | V267: 0 | W267: 0 | X267: 0 | Y267: 0 | Z267: 0 | AA267: 0 | AB267: 0 | AC267: 0 | AD267: 0 | AE267: 0 | AF267: 0 | AG267: 0 | AH267: 0 | AI267: 0 | AJ267: 0 | AK267: 0 | AL267: 0 | AM267: 0 | AN267: 0 | AO267: 0 | AP267: 0 | AQ267: 8 | AR267: 4 | AS267: 0 | AT267: 0 | AU267: 34.02 | AV267: 38.013 | AW267: 38.5 | AX267: 67.5 | AY267: 51 | AZ267: 63 | BA267: 47 | BB267: 47 | BC267: 50 | BD267: 52 | BE267: 40 | BF267: 56
A268: 41090071 | B268: MASIYA ENERGY POINT | C268: ECZ_Bastar_NH30_South_Jagdalpur | D268: BASTAR | E268: Jagdalpur SA | F268: HPC | G268: 18.99304 | H268: 81.671308 | AG268: 0 | AH268: 0 | AI268: 0 | AJ268: 0 | AK268: 0 | AL268: 0 | AM268: 0 | AN268: 0 | AO268: 0 | AP268: 0 | AQ268: 0 | AR268: 0 | AS268: 0 | AT268: 0 | AU268: 0 | AV268: 0 | AW268: 0 | AX268: 0 | AY268: 0 | AZ268: 0 | BA268: 0 | BB268: 0 | BC268: 0 | BD268: 4 | BE268: 0 | BF268: 0
A269: 41015804 | B269: TALPERU POLICE KALYAN PETROL PUMP | C269: ECZ_Bijapur_Bijapur_South_Corridor | D269: BIJAPUR | E269: Jagdalpur SA | F269: HPC | G269: 18.581661 | H269: 80.77047 | I269: 40.5 | J269: 85.5 | K269: 54 | L269: 126 | M269: 54 | N269: 216 | O269: 40.5 | P269: 229.5 | Q269: 36 | R269: 36 | S269: 40.5 | T269: 31.5 | U269: 54 | V269: 54 | W269: 40.5 | X269: 67.5 | Y269: 54.5 | Z269: 127.5 | AA269: 60.5 | AB269: 103.5 | AC269: 53.5 | AD269: 106.5 | AE269: 50 | AF269: 118 | AG269: 58.5 | AH269: 79.5 | AI269: 73 | AJ269: 139 | AK269: 66.5 | AL269: 251.5 | AM269: 57 | AN269: 325 | AO269: 55 | AP269: 69 | AQ269: 49.5 | AR269: 40.5 | AS269: 61.5 | AT269: 58.5 | AU269: 49 | AV269: 73 | AW269: 58 | AX269: 134 | AY269: 63.5 | AZ269: 136.5 | BA269: 58.5 | BB269: 139.5 | BC269: 69.5 | BD269: 136.5 | BE269: 54.5 | BF269: 145.5
A270: 41015806 | B270: CHINTABAGU POLICE KALYAN PETROL PU | C270: ECZ_Bijapur_Bhopalpattnam_Corridor | D270: BIJAPUR | E270: Jagdalpur SA | F270: HPC | G270: 18.861741 | H270: 80.380528 | I270: 130 | J270: 104 | K270: 120 | L270: 148 | M270: 134 | N270: 267 | O270: 106 | P270: 186 | Q270: 101 | R270: 107 | S270: 110 | T270: 78 | U270: 122 | V270: 118 | W270: 137 | X270: 127 | Y270: 126 | Z270: 162 | AA270: 122 | AB270: 146 | AC270: 142 | AD270: 150 | AE270: 150 | AF270: 154 | AG270: 148 | AH270: 148 | AI270: 139 | AJ270: 179 | AK270: 110 | AL270: 260 | AM270: 92 | AN270: 182 | AO270: 80 | AP270: 60 | AQ270: 76 | AR270: 64 | AS270: 88 | AT270: 80 | AU270: 88 | AV270: 124 | AW270: 82 | AX270: 114 | AY270: 80 | AZ270: 88 | BA270: 80 | BB270: 88 | BC270: 100 | BD270: 124 | BE270: 92 | BF270: 126
A271: 41041774 | B271: GVR FUELS HP | C271: ECZ_Bijapur_Bijapur_City | D271: BIJAPUR | E271: Jagdalpur SA | F271: HPC | G271: 18.802028 | H271: 80.811376 | I271: 68 | J271: 84 | K271: 73 | L271: 107 | M271: 88 | N271: 173 | O271: 63 | P271: 114 | Q271: 60 | R271: 52 | S271: 65 | T271: 44 | U271: 60 | V271: 52 | W271: 69 | X271: 67 | Y271: 73 | Z271: 83 | AA271: 63 | AB271: 99 | AC271: 68 | AD271: 92 | AE271: 74 | AF271: 88 | AG271: 69 | AH271: 119 | AI271: 99 | AJ271: 133 | AK271: 52 | AL271: 174 | AM271: 63 | AN271: 157 | AO271: 55 | AP271: 33 | AQ271: 65 | AR271: 45 | AS271: 58 | AT271: 30 | AU271: 38 | AV271: 50 | AW271: 68 | AX271: 86 | AY271: 56 | AZ271: 76 | BA271: 50 | BB271: 60 | BC271: 66 | BD271: 88 | BE271: 58 | BF271: 80
A272: 41052921 | B272: STAR PETROLEUM CO. | C272: ECZ_Dantewada_Bacheli_Kirandul_Township | D272: DANTEWADA | E272: Jagdalpur SA | F272: HPC | G272: 18.70295 | H272: 81.25289 | I272: 49.5 | J272: 292.5 | K272: 54 | L272: 308 | M272: 54 | N272: 434 | O272: 54 | P272: 234 | Q272: 49.5 | R272: 238.5 | S272: 49.5 | T272: 238.5 | U272: 54 | V272: 288 | W272: 54.5 | X272: 379.5 | Y272: 49.5 | Z272: 346.5 | AA272: 54 | AB272: 378 | AC272: 45 | AD272: 297 | AE272: 54 | AF272: 288 | AG272: 45 | AH272: 261 | AI272: 45 | AJ272: 261 | AK272: 49.5 | AL272: 238.5 | AM272: 49.5 | AN272: 222.5 | AO272: 54 | AP272: 216 | AQ272: 49.5 | AR272: 256.5 | AS272: 54 | AT272: 162 | AU272: 45 | AV272: 207 | AW272: 49.5 | AX272: 238.5 | AY272: 49.5 | AZ272: 256.5 | BA272: 45 | BB272: 243 | BC272: 54 | BD272: 324 | BE272: 49.5 | BF272: 261.5
...

Sheet District Wise MKT
C1: MS-R
C2: District | D2: HPC C | E2: HPC H | F2: Gr% | G2: MKT C | H2: MKT H | I2: Gain/Loss | J2: MOP UP Vol. | K2: BPC C | L2: BPC H | M2: Gr% | N2: MKT C | O2: MKT H | P2: Gain/Loss | Q2: IOC C | R2: IOC H | S2: Gr% | T2: MKT C | U2: MKT H | V2: Gain/Loss | W2: NEL C | X2: NEL H | Y2: Gr% | Z2: MKT C | AA2: MKT H | AB2: Gain/Loss | AC2: Jio BP C | AD2: Jio BP H | AE2: Gr% | AF2: MKT C | AG2: MKT H | AH2: Gain/Loss | AI2: IND MS C | AJ2: IND MS H | AK2: Gr%
C3: Bemetara | F3: =(D3-E3)/E3% -> #DIV/0! | G3: =D3/AI3% -> #DIV/0! | H3: =E3/AJ3% -> #DIV/0! | I3: =G3-H3 -> #DIV/0! | J3: =((D3*AJ3)-(AI3*E3))/(AJ3-E3) -> #DIV/0! | M3: =(K3-L3)/L3% -> #DIV/0! | N3: =K3/AI3% -> #DIV/0! | O3: =L3/AJ3% -> #DIV/0! | P3: =N3-O3 -> #DIV/0! | S3: =(Q3-R3)/Q3% -> #DIV/0! | T3: =Q3/AI3% -> #DIV/0! | U3: =R3/AJ3% -> #DIV/0! | V3: =T3-U3 -> #DIV/0! | Y3: =(W3-X3)/W3% -> #DIV/0! | Z3: =W3/AO3% -> #DIV/0! | AA3: =X3/AP3% -> #DIV/0! | AB3: =Z3-AA3 -> #DIV/0! | AE3: =(AC3-AD3)/AC3% -> #DIV/0! | AF3: =AC3/AU3% -> #DIV/0! | AG3: =AD3/AV3% -> #DIV/0! | AH3: =AF3-AG3 -> #DIV/0! | AI3: =D3+K3+Q3+W3+AC3 -> 0 | AJ3: =E3+L3+R3+X3+AD3 -> 0 | AK3: =(AI3-AJ3)/AJ3% -> #DIV/0!
C4: Durg | F4: =(D4-E4)/E4% -> #DIV/0! | G4: =D4/AI4% -> #DIV/0! | H4: =E4/AJ4% -> #DIV/0! | I4: =G4-H4 -> #DIV/0! | J4: =((D4*AJ4)-(AI4*E4))/(AJ4-E4) -> #DIV/0! | M4: =(K4-L4)/L4% -> #DIV/0! | N4: =K4/AI4% -> #DIV/0! | O4: =L4/AJ4% -> #DIV/0! | P4: =N4-O4 -> #DIV/0! | S4: =(Q4-R4)/Q4% -> #DIV/0! | T4: =Q4/AI4% -> #DIV/0! | U4: =R4/AJ4% -> #DIV/0! | V4: =T4-U4 -> #DIV/0! | Y4: =(W4-X4)/W4% -> #DIV/0! | Z4: =W4/AO4% -> #DIV/0! | AA4: =X4/AP4% -> #DIV/0! | AB4: =Z4-AA4 -> #DIV/0! | AE4: =(AC4-AD4)/AC4% -> #DIV/0! | AF4: =AC4/AU4% -> #DIV/0! | AG4: =AD4/AV4% -> #DIV/0! | AH4: =AF4-AG4 -> #DIV/0! | AI4: =D4+K4+Q4+W4+AC4 -> 0 | AJ4: =E4+L4+R4+X4+AD4 -> 0 | AK4: =(AI4-AJ4)/AJ4% -> #DIV/0!
C5: Raipur | F5: =(D5-E5)/E5% -> #DIV/0! | G5: =D5/AI5% -> #DIV/0! | H5: =E5/AJ5% -> #DIV/0! | I5: =G5-H5 -> #DIV/0! | J5: =((D5*AJ5)-(AI5*E5))/(AJ5-E5) -> #DIV/0! | M5: =(K5-L5)/L5% -> #DIV/0! | N5: =K5/AI5% -> #DIV/0! | O5: =L5/AJ5% -> #DIV/0! | P5: =N5-O5 -> #DIV/0! | S5: =(Q5-R5)/Q5% -> #DIV/0! | T5: =Q5/AI5% -> #DIV/0! | U5: =R5/AJ5% -> #DIV/0! | V5: =T5-U5 -> #DIV/0! | Y5: =(W5-X5)/W5% -> #DIV/0! | Z5: =W5/AO5% -> #DIV/0! | AA5: =X5/AP5% -> #DIV/0! | AB5: =Z5-AA5 -> #DIV/0! | AE5: =(AC5-AD5)/AC5% -> #DIV/0! | AF5: =AC5/AU5% -> #DIV/0! | AG5: =AD5/AV5% -> #DIV/0! | AH5: =AF5-AG5 -> #DIV/0! | AI5: =D5+K5+Q5+W5+AC5 -> 0 | AJ5: =E5+L5+R5+X5+AD5 -> 0 | AK5: =(AI5-AJ5)/AJ5% -> #DIV/0!
C6: Raipur-II | F6: =(D6-E6)/E6% -> #DIV/0! | G6: =D6/AI6% -> #DIV/0! | H6: =E6/AJ6% -> #DIV/0! | I6: 0 | J6: =((D6*AJ6)-(AI6*E6))/(AJ6-E6) -> #DIV/0! | M6: =(K6-L6)/L6% -> #DIV/0! | N6: =K6/AI6% -> #DIV/0! | O6: =L6/AJ6% -> #DIV/0! | P6: =N6-O6 -> #DIV/0! | S6: =(Q6-R6)/Q6% -> #DIV/0! | T6: =Q6/AI6% -> #DIV/0! | U6: =R6/AJ6% -> #DIV/0! | V6: =T6-U6 -> #DIV/0! | Y6: =(W6-X6)/W6% -> #DIV/0! | Z6: =W6/AO6% -> #DIV/0! | AA6: =X6/AP6% -> #DIV/0! | AB6: =Z6-AA6 -> #DIV/0! | AE6: =(AC6-AD6)/AC6% -> #DIV/0! | AF6: =AC6/AU6% -> #DIV/0! | AG6: =AD6/AV6% -> #DIV/0! | AH6: =AF6-AG6 -> #DIV/0! | AI6: =D6+K6+Q6+W6+AC6 -> 0 | AJ6: =E6+L6+R6+X6+AD6 -> 0 | AK6: =(AI6-AJ6)/AJ6% -> #DIV/0!
C7: Balod | F7: =(D7-E7)/E7% -> #DIV/0! | G7: =D7/AI7% -> #DIV/0! | H7: =E7/AJ7% -> #DIV/0! | I7: =G7-H7 -> #DIV/0! | J7: =((D7*AJ7)-(AI7*E7))/(AJ7-E7) -> #DIV/0! | M7: =(K7-L7)/L7% -> #DIV/0! | N7: =K7/AI7% -> #DIV/0! | O7: =L7/AJ7% -> #DIV/0! | P7: =N7-O7 -> #DIV/0! | S7: =(Q7-R7)/Q7% -> #DIV/0! | T7: =Q7/AI7% -> #DIV/0! | U7: =R7/AJ7% -> #DIV/0! | V7: =T7-U7 -> #DIV/0! | Y7: =(W7-X7)/W7% -> #DIV/0! | Z7: =W7/AO7% -> #DIV/0! | AA7: =X7/AP7% -> #DIV/0! | AB7: =Z7-AA7 -> #DIV/0! | AE7: =(AC7-AD7)/AC7% -> #DIV/0! | AF7: =AC7/AU7% -> #DIV/0! | AG7: =AD7/AV7% -> #DIV/0! | AH7: =AF7-AG7 -> #DIV/0! | AI7: =D7+K7+Q7+W7+AC7 -> 0 | AJ7: =E7+L7+R7+X7+AD7 -> 0 | AK7: =(AI7-AJ7)/AJ7% -> #DIV/0!
C8: Dhamtari | F8: =(D8-E8)/E8% -> #DIV/0! | G8: =D8/AI8% -> #DIV/0! | H8: =E8/AJ8% -> #DIV/0! | I8: =G8-H8 -> #DIV/0! | J8: =((D8*AJ8)-(AI8*E8))/(AJ8-E8) -> #DIV/0! | M8: =(K8-L8)/L8% -> #DIV/0! | N8: =K8/AI8% -> #DIV/0! | O8: =L8/AJ8% -> #DIV/0! | P8: =N8-O8 -> #DIV/0! | S8: =(Q8-R8)/Q8% -> #DIV/0! | T8: =Q8/AI8% -> #DIV/0! | U8: =R8/AJ8% -> #DIV/0! | V8: =T8-U8 -> #DIV/0! | Y8: =(W8-X8)/W8% -> #DIV/0! | Z8: =W8/AO8% -> #DIV/0! | AA8: =X8/AP8% -> #DIV/0! | AB8: =Z8-AA8 -> #DIV/0! | AE8: =(AC8-AD8)/AC8% -> #DIV/0! | AF8: =AC8/AU8% -> #DIV/0! | AG8: =AD8/AV8% -> #DIV/0! | AH8: =AF8-AG8 -> #DIV/0! | AI8: =D8+K8+Q8+W8+AC8 -> 0 | AJ8: =E8+L8+R8+X8+AD8 -> 0 | AK8: =(AI8-AJ8)/AJ8% -> #DIV/0!
C9: Gariyaband | F9: =(D9-E9)/E9% -> #DIV/0! | G9: =D9/AI9% -> #DIV/0! | H9: =E9/AJ9% -> #DIV/0! | I9: =G9-H9 -> #DIV/0! | J9: =((D9*AJ9)-(AI9*E9))/(AJ9-E9) -> #DIV/0! | M9: =(K9-L9)/L9% -> #DIV/0! | N9: =K9/AI9% -> #DIV/0! | O9: =L9/AJ9% -> #DIV/0! | P9: =N9-O9 -> #DIV/0! | S9: =(Q9-R9)/Q9% -> #DIV/0! | T9: =Q9/AI9% -> #DIV/0! | U9: =R9/AJ9% -> #DIV/0! | V9: =T9-U9 -> #DIV/0! | Y9: =(W9-X9)/W9% -> #DIV/0! | Z9: =W9/AO9% -> #DIV/0! | AA9: =X9/AP9% -> #DIV/0! | AB9: =Z9-AA9 -> #DIV/0! | AE9: =(AC9-AD9)/AC9% -> #DIV/0! | AF9: =AC9/AU9% -> #DIV/0! | AG9: =AD9/AV9% -> #DIV/0! | AH9: =AF9-AG9 -> #DIV/0! | AI9: =D9+K9+Q9+W9+AC9 -> 0 | AJ9: =E9+L9+R9+X9+AD9 -> 0 | AK9: =(AI9-AJ9)/AJ9% -> #DIV/0!
C10: Bastar | F10: =(D10-E10)/E10% -> #DIV/0! | G10: =D10/AI10% -> #DIV/0! | H10: =E10/AJ10% -> #DIV/0! | I10: =G10-H10 -> #DIV/0! | J10: =((D10*AJ10)-(AI10*E10))/(AJ10-E10) -> #DIV/0! | M10: =(K10-L10)/L10% -> #DIV/0! | N10: =K10/AI10% -> #DIV/0! | O10: =L10/AJ10% -> #DIV/0! | P10: =N10-O10 -> #DIV/0! | S10: =(Q10-R10)/Q10% -> #DIV/0! | T10: =Q10/AI10% -> #DIV/0! | U10: =R10/AJ10% -> #DIV/0! | V10: =T10-U10 -> #DIV/0! | Y10: =(W10-X10)/W10% -> #DIV/0! | Z10: =W10/AO10% -> #DIV/0! | AA10: =X10/AP10% -> #DIV/0! | AB10: =Z10-AA10 -> #DIV/0! | AE10: =(AC10-AD10)/AC10% -> #DIV/0! | AF10: =AC10/AU10% -> #DIV/0! | AG10: =AD10/AV10% -> #DIV/0! | AH10: =AF10-AG10 -> #DIV/0! | AI10: =D10+K10+Q10+W10+AC10 -> 0 | AJ10: =E10+L10+R10+X10+AD10 -> 0 | AK10: =(AI10-AJ10)/AJ10% -> #DIV/0!
C11: Bijapur | F11: =(D11-E11)/E11% -> #DIV/0! | G11: =D11/AI11% -> #DIV/0! | H11: =E11/AJ11% -> #DIV/0! | I11: =G11-H11 -> #DIV/0! | J11: =((D11*AJ11)-(AI11*E11))/(AJ11-E11) -> #DIV/0! | M11: =(K11-L11)/L11% -> #DIV/0! | N11: =K11/AI11% -> #DIV/0! | O11: =L11/AJ11% -> #DIV/0! | P11: =N11-O11 -> #DIV/0! | S11: =(Q11-R11)/Q11% -> #DIV/0! | T11: =Q11/AI11% -> #DIV/0! | U11: =R11/AJ11% -> #DIV/0! | V11: =T11-U11 -> #DIV/0! | Y11: =(W11-X11)/W11% -> #DIV/0! | Z11: =W11/AO11% -> #DIV/0! | AA11: =X11/AP11% -> #DIV/0! | AB11: =Z11-AA11 -> #DIV/0! | AE11: =(AC11-AD11)/AC11% -> #DIV/0! | AF11: =AC11/AU11% -> #DIV/0! | AG11: =AD11/AV11% -> #DIV/0! | AH11: =AF11-AG11 -> #DIV/0! | AI11: =D11+K11+Q11+W11+AC11 -> 0 | AJ11: =E11+L11+R11+X11+AD11 -> 0 | AK11: =(AI11-AJ11)/AJ11% -> #DIV/0!
C12: Dantewada | F12: =(D12-E12)/E12% -> #DIV/0! | G12: =D12/AI12% -> #DIV/0! | H12: =E12/AJ12% -> #DIV/0! | I12: =G12-H12 -> #DIV/0! | J12: =((D12*AJ12)-(AI12*E12))/(AJ12-E12) -> #DIV/0! | M12: =(K12-L12)/L12% -> #DIV/0! | N12: =K12/AI12% -> #DIV/0! | O12: =L12/AJ12% -> #DIV/0! | P12: =N12-O12 -> #DIV/0! | S12: =(Q12-R12)/Q12% -> #DIV/0! | T12: =Q12/AI12% -> #DIV/0! | U12: =R12/AJ12% -> #DIV/0! | V12: =T12-U12 -> #DIV/0! | Y12: =(W12-X12)/W12% -> #DIV/0! | Z12: =W12/AO12% -> #DIV/0! | AA12: =X12/AP12% -> #DIV/0! | AB12: =Z12-AA12 -> #DIV/0! | AE12: =(AC12-AD12)/AC12% -> #DIV/0! | AF12: =AC12/AU12% -> #DIV/0! | AG12: =AD12/AV12% -> #DIV/0! | AH12: =AF12-AG12 -> #DIV/0! | AI12: =D12+K12+Q12+W12+AC12 -> 0 | AJ12: =E12+L12+R12+X12+AD12 -> 0 | AK12: =(AI12-AJ12)/AJ12% -> #DIV/0!
C13: Kanker | F13: =(D13-E13)/E13% -> #DIV/0! | G13: =D13/AI13% -> #DIV/0! | H13: =E13/AJ13% -> #DIV/0! | I13: =G13-H13 -> #DIV/0! | J13: =((D13*AJ13)-(AI13*E13))/(AJ13-E13) -> #DIV/0! | M13: =(K13-L13)/L13% -> #DIV/0! | N13: =K13/AI13% -> #DIV/0! | O13: =L13/AJ13% -> #DIV/0! | P13: =N13-O13 -> #DIV/0! | S13: =(Q13-R13)/Q13% -> #DIV/0! | T13: =Q13/AI13% -> #DIV/0! | U13: =R13/AJ13% -> #DIV/0! | V13: =T13-U13 -> #DIV/0! | Y13: =(W13-X13)/W13% -> #DIV/0! | Z13: =W13/AO13% -> #DIV/0! | AA13: =X13/AP13% -> #DIV/0! | AB13: =Z13-AA13 -> #DIV/0! | AE13: =(AC13-AD13)/AC13% -> #DIV/0! | AF13: =AC13/AU13% -> #DIV/0! | AG13: =AD13/AV13% -> #DIV/0! | AH13: =AF13-AG13 -> #DIV/0! | AI13: =D13+K13+Q13+W13+AC13 -> 0 | AJ13: =E13+L13+R13+X13+AD13 -> 0 | AK13: =(AI13-AJ13)/AJ13% -> #DIV/0!
C14: Kondagaon | F14: =(D14-E14)/E14% -> #DIV/0! | G14: =D14/AI14% -> #DIV/0! | H14: =E14/AJ14% -> #DIV/0! | I14: =G14-H14 -> #DIV/0! | J14: =((D14*AJ14)-(AI14*E14))/(AJ14-E14) -> #DIV/0! | M14: =(K14-L14)/L14% -> #DIV/0! | N14: =K14/AI14% -> #DIV/0! | O14: =L14/AJ14% -> #DIV/0! | P14: =N14-O14 -> #DIV/0! | S14: =(Q14-R14)/Q14% -> #DIV/0! | T14: =Q14/AI14% -> #DIV/0! | U14: =R14/AJ14% -> #DIV/0! | V14: =T14-U14 -> #DIV/0! | Y14: =(W14-X14)/W14% -> #DIV/0! | Z14: =W14/AO14% -> #DIV/0! | AA14: =X14/AP14% -> #DIV/0! | AB14: =Z14-AA14 -> #DIV/0! | AE14: =(AC14-AD14)/AC14% -> #DIV/0! | AF14: =AC14/AU14% -> #DIV/0! | AG14: =AD14/AV14% -> #DIV/0! | AH14: =AF14-AG14 -> #DIV/0! | AI14: =D14+K14+Q14+W14+AC14 -> 0 | AJ14: =E14+L14+R14+X14+AD14 -> 0 | AK14: =(AI14-AJ14)/AJ14% -> #DIV/0!
C15: NARAINPUR | F15: =(D15-E15)/E15% -> #DIV/0! | G15: =D15/AI15% -> #DIV/0! | H15: =E15/AJ15% -> #DIV/0! | I15: =G15-H15 -> #DIV/0! | J15: =((D15*AJ15)-(AI15*E15))/(AJ15-E15) -> #DIV/0! | M15: =(K15-L15)/L15% -> #DIV/0! | N15: =K15/AI15% -> #DIV/0! | O15: =L15/AJ15% -> #DIV/0! | P15: =N15-O15 -> #DIV/0! | S15: =(Q15-R15)/Q15% -> #DIV/0! | T15: =Q15/AI15% -> #DIV/0! | U15: =R15/AJ15% -> #DIV/0! | V15: =T15-U15 -> #DIV/0! | Y15: =(W15-X15)/W15% -> #DIV/0! | Z15: =W15/AO15% -> #DIV/0! | AA15: =X15/AP15% -> #DIV/0! | AB15: =Z15-AA15 -> #DIV/0! | AE15: =(AC15-AD15)/AC15% -> #DIV/0! | AF15: =AC15/AU15% -> #DIV/0! | AG15: =AD15/AV15% -> #DIV/0! | AH15: =AF15-AG15 -> #DIV/0! | AI15: =D15+K15+Q15+W15+AC15 -> 0 | AJ15: =E15+L15+R15+X15+AD15 -> 0 | AK15: =(AI15-AJ15)/AJ15% -> #DIV/0!
C16: Sukma | F16: =(D16-E16)/E16% -> #DIV/0! | G16: =D16/AI16% -> #DIV/0! | H16: =E16/AJ16% -> #DIV/0! | I16: =G16-H16 -> #DIV/0! | J16: =((D16*AJ16)-(AI16*E16))/(AJ16-E16) -> #DIV/0! | M16: =(K16-L16)/L16% -> #DIV/0! | N16: =K16/AI16% -> #DIV/0! | O16: =L16/AJ16% -> #DIV/0! | P16: =N16-O16 -> #DIV/0! | S16: =(Q16-R16)/Q16% -> #DIV/0! | T16: =Q16/AI16% -> #DIV/0! | U16: =R16/AJ16% -> #DIV/0! | V16: =T16-U16 -> #DIV/0! | Y16: =(W16-X16)/W16% -> #DIV/0! | Z16: =W16/AO16% -> #DIV/0! | AA16: =X16/AP16% -> #DIV/0! | AB16: =Z16-AA16 -> #DIV/0! | AE16: =(AC16-AD16)/AC16% -> #DIV/0! | AF16: =AC16/AU16% -> #DIV/0! | AG16: =AD16/AV16% -> #DIV/0! | AH16: =AF16-AG16 -> #DIV/0! | AI16: =D16+K16+Q16+W16+AC16 -> 0 | AJ16: =E16+L16+R16+X16+AD16 -> 0 | AK16: =(AI16-AJ16)/AJ16% -> #DIV/0!
C17: Kawardha | F17: =(D17-E17)/E17% -> #DIV/0! | G17: =D17/AI17% -> #DIV/0! | H17: =E17/AJ17% -> #DIV/0! | I17: =G17-H17 -> #DIV/0! | J17: =((D17*AJ17)-(AI17*E17))/(AJ17-E17) -> #DIV/0! | M17: =(K17-L17)/L17% -> #DIV/0! | N17: =K17/AI17% -> #DIV/0! | O17: =L17/AJ17% -> #DIV/0! | P17: =N17-O17 -> #DIV/0! | S17: =(Q17-R17)/Q17% -> #DIV/0! | T17: =Q17/AI17% -> #DIV/0! | U17: =R17/AJ17% -> #DIV/0! | V17: =T17-U17 -> #DIV/0! | Y17: =(W17-X17)/W17% -> #DIV/0! | Z17: =W17/AO17% -> #DIV/0! | AA17: =X17/AP17% -> #DIV/0! | AB17: =Z17-AA17 -> #DIV/0! | AE17: =(AC17-AD17)/AC17% -> #DIV/0! | AF17: =AC17/AU17% -> #DIV/0! | AG17: =AD17/AV17% -> #DIV/0! | AH17: =AF17-AG17 -> #DIV/0! | AI17: =D17+K17+Q17+W17+AC17 -> 0 | AJ17: =E17+L17+R17+X17+AD17 -> 0 | AK17: =(AI17-AJ17)/AJ17% -> #DIV/0!
C18: Khairgarh Chhuikhadan Gandai | F18: =(D18-E18)/E18% -> #DIV/0! | G18: =D18/AI18% -> #DIV/0! | H18: =E18/AJ18% -> #DIV/0! | I18: =G18-H18 -> #DIV/0! | J18: =((D18*AJ18)-(AI18*E18))/(AJ18-E18) -> #DIV/0! | M18: =(K18-L18)/L18% -> #DIV/0! | N18: =K18/AI18% -> #DIV/0! | O18: =L18/AJ18% -> #DIV/0! | P18: =N18-O18 -> #DIV/0! | S18: =(Q18-R18)/Q18% -> #DIV/0! | T18: =Q18/AI18% -> #DIV/0! | U18: =R18/AJ18% -> #DIV/0! | V18: =T18-U18 -> #DIV/0! | Y18: =(W18-X18)/W18% -> #DIV/0! | Z18: =W18/AO18% -> #DIV/0! | AA18: =X18/AP18% -> #DIV/0! | AB18: =Z18-AA18 -> #DIV/0! | AE18: =(AC18-AD18)/AC18% -> #DIV/0! | AF18: =AC18/AU18% -> #DIV/0! | AG18: =AD18/AV18% -> #DIV/0! | AH18: =AF18-AG18 -> #DIV/0! | AI18: =D18+K18+Q18+W18+AC18 -> 0 | AJ18: =E18+L18+R18+X18+AD18 -> 0 | AK18: =(AI18-AJ18)/AJ18% -> #DIV/0!
... C20: Rajnandgaon | F20: =(D20-E20)/E20% -> #DIV/0! | G20: =D20/AI20% -> #DIV/0! | H20: =E20/AJ20% -> #DIV/0! | I20: =G20-H20 -> #DIV/0! | J20: =((D20*AJ20)-(AI20*E20))/(AJ20-E20) -> #DIV/0! | M20: =(K20-L20)/L20% -> #DIV/0! | N20: =K20/AI20% -> #DIV/0! | O20: =L20/AJ20% -> #DIV/0! | P20: =N20-O20 -> #DIV/0! | S20: =(Q20-R20)/Q20% -> #DIV/0! | T20: =Q20/AI20% -> #DIV/0! | U20: =R20/AJ20% -> #DIV/0! | V20: =T20-U20 -> #DIV/0! | Y20: =(W20-X20)/W20% -> #DIV/0! | Z20: =W20/AO20% -> #DIV/0! | AA20: =X20/AP20% -> #DIV/0! | AB20: =Z20-AA20 -> #DIV/0! | AE20: =(AC20-AD20)/AC20% -> #DIV/0! | AF20: =AC20/AU20% -> #DIV/0! | AG20: =AD20/AV20% -> #DIV/0! | AH20: =AF20-AG20 -> #DIV/0! | AI20: =D20+K20+Q20+W20+AC20 -> 0 | AJ20: =E20+L20+R20+X20+AD20 -> 0 | AK20: =(AI20-AJ20)/AJ20% -> #DIV/0!
C21: Raipur Region | D21: =SUM(D3:D20) -> 0 | E21: =SUM(E3:E20) -> 0 | F21: =(D21-E21)/E21% -> #DIV/0! | G21: =D21/AI21% -> #DIV/0! | H21: =E21/AJ21% -> #DIV/0! | I21: =G21-H21 -> #DIV/0! | J21: =((D21*AJ21)-(AI21*E21))/(AJ21-E21) -> #DIV/0! | K21: =SUM(K3:K20) -> 0 | L21: =SUM(L3:L20) -> 0 | M21: =(K21-L21)/L21% -> #DIV/0! | N21: =K21/AI21% -> #DIV/0! | O21: =L21/AJ21% -> #DIV/0! | P21: =N21-O21 -> #DIV/0! | Q21: =SUM(Q3:Q20) -> 0 | R21: =SUM(R3:R20) -> 0 | S21: =(Q21-R21)/Q21% -> #DIV/0! | T21: =Q21/AI21% -> #DIV/0! | U21: =R21/AJ21% -> #DIV/0! | V21: =T21-U21 -> #DIV/0! | Y21: =(W21-X21)/W21% -> #DIV/0! | Z21: =W21/AO21% -> #DIV/0! | AA21: =X21/AP21% -> #DIV/0! | AB21: =Z21-AA21 -> #DIV/0! | AE21: =(AC21-AD21)/AC21% -> #DIV/0! | AF21: =AC21/AU21% -> #DIV/0! | AG21: =AD21/AV21% -> #DIV/0! | AH21: =AF21-AG21 -> #DIV/0! | AI21: =D21+K21+Q21 -> 0 | AJ21: =E21+L21+R21 -> 0 | AK21: =(AI21-AJ21)/AJ21% -> #DIV/0!
C22: HSD-R
C23: District | D23: HPC C | E23: HPC H | F23: Gr% | G23: MKT C | H23: MKT H | I23: Gain/Loss | J23: MOP UP Vol. | K23: BPC C | L23: BPC H | M23: Gr% | N23: MKT C | O23: MKT H | P23: Gain/Loss | Q23: IOC C | R23: IOC H | S23: Gr% | T23: MKT C | U23: MKT H | V23: Gain/Loss | W23: NEL C | X23: NEL H | Y23: Gr% | Z23: MKT C | AA23: MKT H | AB23: Gain/Loss | AC23: Jio BP C | AD23: Jio BP H | AE23: Gr% | AF23: MKT C | AG23: MKT H | AH23: Gain/Loss | AI23: IND MS C | AJ23: IND MS H | AK23: Gr%
C24: Bemetara | F24: =(D24-E24)/E24% -> #DIV/0! | G24: =D24/AI24% -> #DIV/0! | H24: =E24/AJ24% -> #DIV/0! | I24: =G24-H24 -> #DIV/0! | J24: =((D24*AJ24)-(AI24*E24))/(AJ24-E24) -> #DIV/0! | M24: =(K24-L24)/L24% -> #DIV/0! | N24: =K24/AI24% -> #DIV/0! | O24: =L24/AJ24% -> #DIV/0! | P24: =N24-O24 -> #DIV/0! | S24: =(Q24-R24)/Q24% -> #DIV/0! | T24: =Q24/AI24% -> #DIV/0! | U24: =R24/AJ24% -> #DIV/0! | V24: =T24-U24 -> #DIV/0! | Y24: =(W24-X24)/W24% -> #DIV/0! | Z24: =W24/AO24% -> #DIV/0! | AA24: =X24/AP24% -> #DIV/0! | AB24: =Z24-AA24 -> #DIV/0! | AE24: =(AC24-AD24)/AC24% -> #DIV/0! | AF24: =AC24/AU24% -> #DIV/0! | AG24: =AD24/AV24% -> #DIV/0! | AH24: =AF24-AG24 -> #DIV/0! | AI24: =D24+K24+Q24+W24+AC24 -> 0 | AJ24: =E24+L24+R24+X24+AD24 -> 0 | AK24: =(AI24-AJ24)/AJ24% -> #DIV/0!
C25: Durg | F25: =(D25-E25)/E25% -> #DIV/0! | G25: =D25/AI25% -> #DIV/0! | H25: =E25/AJ25% -> #DIV/0! | I25: =G25-H25 -> #DIV/0! | J25: =((D25*AJ25)-(AI25*E25))/(AJ25-E25) -> #DIV/0! | M25: =(K25-L25)/L25% -> #DIV/0! | N25: =K25/AI25% -> #DIV/0! | O25: =L25/AJ25% -> #DIV/0! | P25: =N25-O25 -> #DIV/0! | S25: =(Q25-R25)/Q25% -> #DIV/0! | T25: =Q25/AI25% -> #DIV/0! | U25: =R25/AJ25% -> #DIV/0! | V25: =T25-U25 -> #DIV/0! | Y25: =(W25-X25)/W25% -> #DIV/0! | Z25: =W25/AO25% -> #DIV/0! | AA25: =X25/AP25% -> #DIV/0! | AB25: =Z25-AA25 -> #DIV/0! | AE25: =(AC25-AD25)/AC25% -> #DIV/0! | AF25: =AC25/AU25% -> #DIV/0! | AG25: =AD25/AV25% -> #DIV/0! | AH25: =AF25-AG25 -> #DIV/0! | AI25: =D25+K25+Q25+W25+AC25 -> 0 | AJ25: =E25+L25+R25+X25+AD25 -> 0 | AK25: =(AI25-AJ25)/AJ25% -> #DIV/0!
C26: Raipur | F26: =(D26-E26)/E26% -> #DIV/0! | G26: =D26/AI26% -> #DIV/0! | H26: =E26/AJ26% -> #DIV/0! | I26: =G26-H26 -> #DIV/0! | J26: =((D26*AJ26)-(AI26*E26))/(AJ26-E26) -> #DIV/0! | M26: =(K26-L26)/L26% -> #DIV/0! | N26: =K26/AI26% -> #DIV/0! | O26: =L26/AJ26% -> #DIV/0! | P26: =N26-O26 -> #DIV/0! | S26: =(Q26-R26)/Q26% -> #DIV/0! | T26: =Q26/AI26% -> #DIV/0! | U26: =R26/AJ26% -> #DIV/0! | V26: =T26-U26 -> #DIV/0! | Y26: =(W26-X26)/W26% -> #DIV/0! | Z26: =W26/AO26% -> #DIV/0! | AA26: =X26/AP26% -> #DIV/0! | AB26: =Z26-AA26 -> #DIV/0! | AE26: =(AC26-AD26)/AC26% -> #DIV/0! | AF26: =AC26/AU26% -> #DIV/0! | AG26: =AD26/AV26% -> #DIV/0! | AH26: =AF26-AG26 -> #DIV/0! | AI26: =D26+K26+Q26+W26+AC26 -> 0 | AJ26: =E26+L26+R26+X26+AD26 -> 0 | AK26: =(AI26-AJ26)/AJ26% -> #DIV/0!
C27: Raipur-II | F27: =(D27-E27)/E27% -> #DIV/0! | G27: =D27/AI27% -> #DIV/0! | H27: =E27/AJ27% -> #DIV/0! | I27: =G27-H27 -> #DIV/0! | J27: =((D27*AJ27)-(AI27*E27))/(AJ27-E27) -> #DIV/0! | M27: =(K27-L27)/L27% -> #DIV/0! | N27: =K27/AI27% -> #DIV/0! | O27: =L27/AJ27% -> #DIV/0! | P27: =N27-O27 -> #DIV/0! | S27: =(Q27-R27)/Q27% -> #DIV/0! | T27: =Q27/AI27% -> #DIV/0! | U27: =R27/AJ27% -> #DIV/0! | V27: =T27-U27 -> #DIV/0! | Y27: =(W27-X27)/W27% -> #DIV/0! | Z27: =W27/AO27% -> #DIV/0! | AA27: =X27/AP27% -> #DIV/0! | AB27: =Z27-AA27 -> #DIV/0! | AE27: =(AC27-AD27)/AC27% -> #DIV/0! | AF27: =AC27/AU27% -> #DIV/0! | AG27: =AD27/AV27% -> #DIV/0! | AH27: =AF27-AG27 -> #DIV/0! | AI27: =D27+K27+Q27+W27+AC27 -> 0 | AJ27: =E27+L27+R27+X27+AD27 -> 0 | AK27: =(AI27-AJ27)/AJ27% -> #DIV/0!
C28: Balod | F28: =(D28-E28)/E28% -> #DIV/0! | G28: =D28/AI28% -> #DIV/0! | H28: =E28/AJ28% -> #DIV/0! | I28: =G28-H28 -> #DIV/0! | J28: =((D28*AJ28)-(AI28*E28))/(AJ28-E28) -> #DIV/0! | M28: =(K28-L28)/L28% -> #DIV/0! | N28: =K28/AI28% -> #DIV/0! | O28: =L28/AJ28% -> #DIV/0! | P28: =N28-O28 -> #DIV/0! | S28: =(Q28-R28)/Q28% -> #DIV/0! | T28: =Q28/AI28% -> #DIV/0! | U28: =R28/AJ28% -> #DIV/0! | V28: =T28-U28 -> #DIV/0! | Y28: =(W28-X28)/W28% -> #DIV/0! | Z28: =W28/AO28% -> #DIV/0! | AA28: =X28/AP28% -> #DIV/0! | AB28: =Z28-AA28 -> #DIV/0! | AE28: =(AC28-AD28)/AC28% -> #DIV/0! | AF28: =AC28/AU28% -> #DIV/0! | AG28: =AD28/AV28% -> #DIV/0! | AH28: =AF28-AG28 -> #DIV/0! | AI28: =D28+K28+Q28+W28+AC28 -> 0 | AJ28: =E28+L28+R28+X28+AD28 -> 0 | AK28: =(AI28-AJ28)/AJ28% -> #DIV/0!
C29: Dhamtari | F29: =(D29-E29)/E29% -> #DIV/0! | G29: =D29/AI29% -> #DIV/0! | H29: =E29/AJ29% -> #DIV/0! | I29: =G29-H29 -> #DIV/0! | J29: =((D29*AJ29)-(AI29*E29))/(AJ29-E29) -> #DIV/0! | M29: =(K29-L29)/L29% -> #DIV/0! | N29: =K29/AI29% -> #DIV/0! | O29: =L29/AJ29% -> #DIV/0! | P29: =N29-O29 -> #DIV/0! | S29: =(Q29-R29)/Q29% -> #DIV/0! | T29: =Q29/AI29% -> #DIV/0! | U29: =R29/AJ29% -> #DIV/0! | V29: =T29-U29 -> #DIV/0! | Y29: =(W29-X29)/W29% -> #DIV/0! | Z29: =W29/AO29% -> #DIV/0! | AA29: =X29/AP29% -> #DIV/0! | AB29: =Z29-AA29 -> #DIV/0! | AE29: =(AC29-AD29)/AC29% -> #DIV/0! | AF29: =AC29/AU29% -> #DIV/0! | AG29: =AD29/AV29% -> #DIV/0! | AH29: =AF29-AG29 -> #DIV/0! | AI29: =D29+K29+Q29+W29+AC29 -> 0 | AJ29: =E29+L29+R29+X29+AD29 -> 0 | AK29: =(AI29-AJ29)/AJ29% -> #DIV/0!
C30: Gariyaband | F30: =(D30-E30)/E30% -> #DIV/0! | G30: =D30/AI30% -> #DIV/0! | H30: =E30/AJ30% -> #DIV/0! | I30: =G30-H30 -> #DIV/0! | J30: =((D30*AJ30)-(AI30*E30))/(AJ30-E30) -> #DIV/0! | M30: =(K30-L30)/L30% -> #DIV/0! | N30: =K30/AI30% -> #DIV/0! | O30: =L30/AJ30% -> #DIV/0! | P30: =N30-O30 -> #DIV/0! | S30: =(Q30-R30)/Q30% -> #DIV/0! | T30: =Q30/AI30% -> #DIV/0! | U30: =R30/AJ30% -> #DIV/0! | V30: =T30-U30 -> #DIV/0! | Y30: =(W30-X30)/W30% -> #DIV/0! | Z30: =W30/AO30% -> #DIV/0! | AA30: =X30/AP30% -> #DIV/0! | AB30: =Z30-AA30 -> #DIV/0! | AE30: =(AC30-AD30)/AC30% -> #DIV/0! | AF30: =AC30/AU30% -> #DIV/0! | AG30: =AD30/AV30% -> #DIV/0! | AH30: =AF30-AG30 -> #DIV/0! | AI30: =D30+K30+Q30+W30+AC30 -> 0 | AJ30: =E30+L30+R30+X30+AD30 -> 0 | AK30: =(AI30-AJ30)/AJ30% -> #DIV/0!
C31: Bastar | F31: =(D31-E31)/E31% -> #DIV/0! | G31: =D31/AI31% -> #DIV/0! | H31: =E31/AJ31% -> #DIV/0! | I31: =G31-H31 -> #DIV/0! | J31: =((D31*AJ31)-(AI31*E31))/(AJ31-E31) -> #DIV/0! | M31: =(K31-L31)/L31% -> #DIV/0! | N31: =K31/AI31% -> #DIV/0! | O31: =L31/AJ31% -> #DIV/0! | P31: =N31-O31 -> #DIV/0! | S31: =(Q31-R31)/Q31% -> #DIV/0! | T31: =Q31/AI31% -> #DIV/0! | U31: =R31/AJ31% -> #DIV/0! | V31: =T31-U31 -> #DIV/0! | Y31: =(W31-X31)/W31% -> #DIV/0! | Z31: =W31/AO31% -> #DIV/0! | AA31: =X31/AP31% -> #DIV/0! | AB31: =Z31-AA31 -> #DIV/0! | AE31: =(AC31-AD31)/AC31% -> #DIV/0! | AF31: =AC31/AU31% -> #DIV/0! | AG31: =AD31/AV31% -> #DIV/0! | AH31: =AF31-AG31 -> #DIV/0! | AI31: =D31+K31+Q31+W31+AC31 -> 0 | AJ31: =E31+L31+R31+X31+AD31 -> 0 | AK31: =(AI31-AJ31)/AJ31% -> #DIV/0!
C32: Bijapur | F32: =(D32-E32)/E32% -> #DIV/0! | G32: =D32/AI32% -> #DIV/0! | H32: =E32/AJ32% -> #DIV/0! | I32: =G32-H32 -> #DIV/0! | J32: =((D32*AJ32)-(AI32*E32))/(AJ32-E32) -> #DIV/0! | M32: =(K32-L32)/L32% -> #DIV/0! | N32: =K32/AI32% -> #DIV/0! | O32: =L32/AJ32% -> #DIV/0! | P32: =N32-O32 -> #DIV/0! | S32: =(Q32-R32)/Q32% -> #DIV/0! | T32: =Q32/AI32% -> #DIV/0! | U32: =R32/AJ32% -> #DIV/0! | V32: =T32-U32 -> #DIV/0! | Y32: =(W32-X32)/W32% -> #DIV/0! | Z32: =W32/AO32% -> #DIV/0! | AA32: =X32/AP32% -> #DIV/0! | AB32: =Z32-AA32 -> #DIV/0! | AE32: =(AC32-AD32)/AC32% -> #DIV/0! | AF32: =AC32/AU32% -> #DIV/0! | AG32: =AD32/AV32% -> #DIV/0! | AH32: =AF32-AG32 -> #DIV/0! | AI32: =D32+K32+Q32+W32+AC32 -> 0 | AJ32: =E32+L32+R32+X32+AD32 -> 0 | AK32: =(AI32-AJ32)/AJ32% -> #DIV/0!
C33: Dantewada | F33: =(D33-E33)/E33% -> #DIV/0! | G33: =D33/AI33% -> #DIV/0! | H33: =E33/AJ33% -> #DIV/0! | I33: =G33-H33 -> #DIV/0! | J33: =((D33*AJ33)-(AI33*E33))/(AJ33-E33) -> #DIV/0! | M33: =(K33-L33)/L33% -> #DIV/0! | N33: =K33/AI33% -> #DIV/0! | O33: =L33/AJ33% -> #DIV/0! | P33: =N33-O33 -> #DIV/0! | S33: =(Q33-R33)/Q33% -> #DIV/0! | T33: =Q33/AI33% -> #DIV/0! | U33: =R33/AJ33% -> #DIV/0! | V33: =T33-U33 -> #DIV/0! | Y33: =(W33-X33)/W33% -> #DIV/0! | Z33: =W33/AO33% -> #DIV/0! | AA33: =X33/AP33% -> #DIV/0! | AB33: =Z33-AA33 -> #DIV/0! | AE33: =(AC33-AD33)/AC33% -> #DIV/0! | AF33: =AC33/AU33% -> #DIV/0! | AG33: =AD33/AV33% -> #DIV/0! | AH33: =AF33-AG33 -> #DIV/0! | AI33: =D33+K33+Q33+W33+AC33 -> 0 | AJ33: =E33+L33+R33+X33+AD33 -> 0 | AK33: =(AI33-AJ33)/AJ33% -> #DIV/0!
C34: Kanker | F34: =(D34-E34)/E34% -> #DIV/0! | G34: =D34/AI34% -> #DIV/0! | H34: =E34/AJ34% -> #DIV/0! | I34: =G34-H34 -> #DIV/0! | J34: =((D34*AJ34)-(AI34*E34))/(AJ34-E34) -> #DIV/0! | M34: =(K34-L34)/L34% -> #DIV/0! | N34: =K34/AI34% -> #DIV/0! | O34: =L34/AJ34% -> #DIV/0! | P34: =N34-O34 -> #DIV/0! | S34: =(Q34-R34)/Q34% -> #DIV/0! | T34: =Q34/AI34% -> #DIV/0! | U34: =R34/AJ34% -> #DIV/0! | V34: =T34-U34 -> #DIV/0! | Y34: =(W34-X34)/W34% -> #DIV/0! | Z34: =W34/AO34% -> #DIV/0! | AA34: =X34/AP34% -> #DIV/0! | AB34: =Z34-AA34 -> #DIV/0! | AE34: =(AC34-AD34)/AC34% -> #DIV/0! | AF34: =AC34/AU34% -> #DIV/0! | AG34: =AD34/AV34% -> #DIV/0! | AH34: =AF34-AG34 -> #DIV/0! | AI34: =D34+K34+Q34+W34+AC34 -> 0 | AJ34: =E34+L34+R34+X34+AD34 -> 0 | AK34: =(AI34-AJ34)/AJ34% -> #DIV/0!
C35: Kondagaon | F35: =(D35-E35)/E35% -> #DIV/0! | G35: =D35/AI35% -> #DIV/0! | H35: =E35/AJ35% -> #DIV/0! | I35: =G35-H35 -> #DIV/0! | J35: =((D35*AJ35)-(AI35*E35))/(AJ35-E35) -> #DIV/0! | M35: =(K35-L35)/L35% -> #DIV/0! | N35: =K35/AI35% -> #DIV/0! | O35: =L35/AJ35% -> #DIV/0! | P35: =N35-O35 -> #DIV/0! | S35: =(Q35-R35)/Q35% -> #DIV/0! | T35: =Q35/AI35% -> #DIV/0! | U35: =R35/AJ35% -> #DIV/0! | V35: =T35-U35 -> #DIV/0! | Y35: =(W35-X35)/W35% -> #DIV/0! | Z35: =W35/AO35% -> #DIV/0! | AA35: =X35/AP35% -> #DIV/0! | AB35: =Z35-AA35 -> #DIV/0! | AE35: =(AC35-AD35)/AC35% -> #DIV/0! | AF35: =AC35/AU35% -> #DIV/0! | AG35: =AD35/AV35% -> #DIV/0! | AH35: =AF35-AG35 -> #DIV/0! | AI35: =D35+K35+Q35+W35+AC35 -> 0 | AJ35: =E35+L35+R35+X35+AD35 -> 0 | AK35: =(AI35-AJ35)/AJ35% -> #DIV/0!
... C41: Rajnandgaon | F41: =(D41-E41)/E41% -> #DIV/0! | G41: =D41/AI41% -> #DIV/0! | H41: =E41/AJ41% -> #DIV/0! | I41: =G41-H41 -> #DIV/0! | J41: =((D41*AJ41)-(AI41*E41))/(AJ41-E41) -> #DIV/0! | M41: =(K41-L41)/L41% -> #DIV/0! | N41: =K41/AI41% -> #DIV/0! | O41: =L41/AJ41% -> #DIV/0! | P41: =N41-O41 -> #DIV/0! | S41: =(Q41-R41)/Q41% -> #DIV/0! | T41: =Q41/AI41% -> #DIV/0! | U41: =R41/AJ41% -> #DIV/0! | V41: =T41-U41 -> #DIV/0! | Y41: =(W41-X41)/W41% -> #DIV/0! | Z41: =W41/AO41% -> #DIV/0! | AA41: =X41/AP41% -> #DIV/0! | AB41: =Z41-AA41 -> #DIV/0! | AE41: =(AC41-AD41)/AC41% -> #DIV/0! | AF41: =AC41/AU41% -> #DIV/0! | AG41: =AD41/AV41% -> #DIV/0! | AH41: =AF41-AG41 -> #DIV/0! | AI41: =D41+K41+Q41+W41+AC41 -> 0 | AJ41: =E41+L41+R41+X41+AD41 -> 0 | AK41: =(AI41-AJ41)/AJ41% -> #DIV/0!
C42: Raipur Region | D42: =SUM(D24:D41) -> 0 | E42: =SUM(E24:E41) -> 0 | F42: =(D42-E42)/E42% -> #DIV/0! | G42: =D42/AI42% -> #DIV/0! | H42: =E42/AJ42% -> #DIV/0! | I42: =G42-H42 -> #DIV/0! | J42: =((D42*AJ42)-(AI42*E42))/(AJ42-E42) -> #DIV/0! | K42: =SUM(K24:K41) -> 0 | L42: =SUM(L24:L41) -> 0 | M42: =(K42-L42)/L42% -> #DIV/0! | N42: =K42/AI42% -> #DIV/0! | O42: =L42/AJ42% -> #DIV/0! | P42: =N42-O42 -> #DIV/0! | Q42: =SUM(Q24:Q41) -> 0 | R42: =SUM(R24:R41) -> 0 | S42: =(Q42-R42)/Q42% -> #DIV/0! | T42: =Q42/AI42% -> #DIV/0! | U42: =R42/AJ42% -> #DIV/0! | V42: =T42-U42 -> #DIV/0! | AI42: =D42+K42+Q42 -> 0 | AJ42: =E42+L42+R42 -> 0 | AK42: =(AI42-AJ42)/AJ42% -> #DIV/0!
C44: District | D44: HPC C | E44: HPC H | F44: Gr% | G44: MKT C | H44: MKT H | I44: Gain/Loss | J44: MOP UP Vol. | K44: BPC C | L44: BPC H | M44: Gr% | N44: MKT C | O44: MKT H | P44: Gain/Loss | Q44: IOC C | R44: IOC H | S44: Gr% | T44: MKT C | U44: MKT H | V44: Gain/Loss | W44: NEL C | X44: NEL H | Y44: Gr% | Z44: MKT C | AA44: MKT H | AB44: Gain/Loss | AC44: Jio BP C | AD44: Jio BP H | AE44: Gr% | AF44: MKT C | AG44: MKT H | AH44: Gain/Loss | AI44: IND MS C | AJ44: IND MS H | AK44: Gr%
C45: Bemetara | D45: =D3+D24 -> 0 | E45: =E3+E24 -> 0 | F45: =(D45-E45)/E45% -> #DIV/0! | G45: =D45/AI45% -> #DIV/0! | H45: =E45/AJ45% -> #DIV/0! | I45: =G45-H45 -> #DIV/0! | J45: =((D45*AJ45)-(AI45*E45))/(AJ45-E45) -> #DIV/0! | K45: =K3+K24 -> 0 | L45: =L3+L24 -> 0 | M45: =(K45-L45)/L45% -> #DIV/0! | N45: =K45/AI45% -> #DIV/0! | O45: =L45/AJ45% -> #DIV/0! | P45: =N45-O45 -> #DIV/0! | Q45: =Q3+Q24 -> 0 | R45: =R3+R24 -> 0 | S45: =(Q45-R45)/Q45% -> #DIV/0! | T45: =Q45/AI45% -> #DIV/0! | U45: =R45/AJ45% -> #DIV/0! | V45: =T45-U45 -> #DIV/0! | Y45: =(W45-X45)/W45% -> #DIV/0! | Z45: =W45/AO45% -> #DIV/0! | AA45: =X45/AP45% -> #DIV/0! | AB45: =Z45-AA45 -> #DIV/0! | AE45: =(AC45-AD45)/AC45% -> #DIV/0! | AF45: =AC45/AU45% -> #DIV/0! | AG45: =AD45/AV45% -> #DIV/0! | AH45: =AF45-AG45 -> #DIV/0! | AI45: =D45+K45+Q45+W45+AC45 -> 0 | AJ45: =E45+L45+R45+X45+AD45 -> 0 | AK45: =(AI45-AJ45)/AJ45% -> #DIV/0!
C46: Durg | D46: =D4+D25 -> 0 | E46: =E4+E25 -> 0 | F46: =(D46-E46)/E46% -> #DIV/0! | G46: =D46/AI46% -> #DIV/0! | H46: =E46/AJ46% -> #DIV/0! | I46: =G46-H46 -> #DIV/0! | J46: =((D46*AJ46)-(AI46*E46))/(AJ46-E46) -> #DIV/0! | K46: =K4+K25 -> 0 | L46: =L4+L25 -> 0 | M46: =(K46-L46)/L46% -> #DIV/0! | N46: =K46/AI46% -> #DIV/0! | O46: =L46/AJ46% -> #DIV/0! | P46: =N46-O46 -> #DIV/0! | Q46: =Q4+Q25 -> 0 | R46: =R4+R25 -> 0 | S46: =(Q46-R46)/Q46% -> #DIV/0! | T46: =Q46/AI46% -> #DIV/0! | U46: =R46/AJ46% -> #DIV/0! | V46: =T46-U46 -> #DIV/0! | Y46: =(W46-X46)/W46% -> #DIV/0! | Z46: =W46/AO46% -> #DIV/0! | AA46: =X46/AP46% -> #DIV/0! | AB46: =Z46-AA46 -> #DIV/0! | AE46: =(AC46-AD46)/AC46% -> #DIV/0! | AF46: =AC46/AU46% -> #DIV/0! | AG46: =AD46/AV46% -> #DIV/0! | AH46: =AF46-AG46 -> #DIV/0! | AI46: =D46+K46+Q46+W46+AC46 -> 0 | AJ46: =E46+L46+R46+X46+AD46 -> 0 | AK46: =(AI46-AJ46)/AJ46% -> #DIV/0!
C47: Raipur | D47: =D5+D26 -> 0 | E47: =E5+E26 -> 0 | F47: =(D47-E47)/E47% -> #DIV/0! | G47: =D47/AI47% -> #DIV/0! | H47: =E47/AJ47% -> #DIV/0! | I47: =G47-H47 -> #DIV/0! | J47: =((D47*AJ47)-(AI47*E47))/(AJ47-E47) -> #DIV/0! | K47: =K5+K26 -> 0 | L47: =L5+L26 -> 0 | M47: =(K47-L47)/L47% -> #DIV/0! | N47: =K47/AI47% -> #DIV/0! | O47: =L47/AJ47% -> #DIV/0! | P47: =N47-O47 -> #DIV/0! | Q47: =Q5+Q26 -> 0 | R47: =R5+R26 -> 0 | S47: =(Q47-R47)/Q47% -> #DIV/0! | T47: =Q47/AI47% -> #DIV/0! | U47: =R47/AJ47% -> #DIV/0! | V47: =T47-U47 -> #DIV/0! | Y47: =(W47-X47)/W47% -> #DIV/0! | Z47: =W47/AO47% -> #DIV/0! | AA47: =X47/AP47% -> #DIV/0! | AB47: =Z47-AA47 -> #DIV/0! | AE47: =(AC47-AD47)/AC47% -> #DIV/0! | AF47: =AC47/AU47% -> #DIV/0! | AG47: =AD47/AV47% -> #DIV/0! | AH47: =AF47-AG47 -> #DIV/0! | AI47: =D47+K47+Q47+W47+AC47 -> 0 | AJ47: =E47+L47+R47+X47+AD47 -> 0 | AK47: =(AI47-AJ47)/AJ47% -> #DIV/0!
C48: Raipur-II | D48: =D6+D27 -> 0 | E48: =E6+E27 -> 0 | F48: =(D48-E48)/E48% -> #DIV/0! | G48: =D48/AI48% -> #DIV/0! | H48: =E48/AJ48% -> #DIV/0! | I48: =G48-H48 -> #DIV/0! | J48: =((D48*AJ48)-(AI48*E48))/(AJ48-E48) -> #DIV/0! | K48: =K6+K27 -> 0 | L48: =L6+L27 -> 0 | M48: =(K48-L48)/L48% -> #DIV/0! | N48: =K48/AI48% -> #DIV/0! | O48: =L48/AJ48% -> #DIV/0! | P48: =N48-O48 -> #DIV/0! | Q48: =Q6+Q27 -> 0 | R48: =R6+R27 -> 0 | S48: =(Q48-R48)/Q48% -> #DIV/0! | T48: =Q48/AI48% -> #DIV/0! | U48: =R48/AJ48% -> #DIV/0! | V48: =T48-U48 -> #DIV/0! | Y48: =(W48-X48)/W48% -> #DIV/0! | Z48: =W48/AO48% -> #DIV/0! | AA48: =X48/AP48% -> #DIV/0! | AB48: =Z48-AA48 -> #DIV/0! | AE48: =(AC48-AD48)/AC48% -> #DIV/0! | AF48: =AC48/AU48% -> #DIV/0! | AG48: =AD48/AV48% -> #DIV/0! | AH48: =AF48-AG48 -> #DIV/0! | AI48: =D48+K48+Q48+W48+AC48 -> 0 | AJ48: =E48+L48+R48+X48+AD48 -> 0 | AK48: =(AI48-AJ48)/AJ48% -> #DIV/0!
C49: Balod | D49: =D7+D28 -> 0 | E49: =E7+E28 -> 0 | F49: =(D49-E49)/E49% -> #DIV/0! | G49: =D49/AI49% -> #DIV/0! | H49: =E49/AJ49% -> #DIV/0! | I49: =G49-H49 -> #DIV/0! | J49: =((D49*AJ49)-(AI49*E49))/(AJ49-E49) -> #DIV/0! | K49: =K7+K28 -> 0 | L49: =L7+L28 -> 0 | M49: =(K49-L49)/L49% -> #DIV/0! | N49: =K49/AI49% -> #DIV/0! | O49: =L49/AJ49% -> #DIV/0! | P49: =N49-O49 -> #DIV/0! | Q49: =Q7+Q28 -> 0 | R49: =R7+R28 -> 0 | S49: =(Q49-R49)/Q49% -> #DIV/0! | T49: =Q49/AI49% -> #DIV/0! | U49: =R49/AJ49% -> #DIV/0! | V49: =T49-U49 -> #DIV/0! | Y49: =(W49-X49)/W49% -> #DIV/0! | Z49: =W49/AO49% -> #DIV/0! | AA49: =X49/AP49% -> #DIV/0! | AB49: =Z49-AA49 -> #DIV/0! | AE49: =(AC49-AD49)/AC49% -> #DIV/0! | AF49: =AC49/AU49% -> #DIV/0! | AG49: =AD49/AV49% -> #DIV/0! | AH49: =AF49-AG49 -> #DIV/0! | AI49: =D49+K49+Q49+W49+AC49 -> 0 | AJ49: =E49+L49+R49+X49+AD49 -> 0 | AK49: =(AI49-AJ49)/AJ49% -> #DIV/0!
C50: Dhamtari | D50: =D8+D29 -> 0 | E50: =E8+E29 -> 0 | F50: =(D50-E50)/E50% -> #DIV/0! | G50: =D50/AI50% -> #DIV/0! | H50: =E50/AJ50% -> #DIV/0! | I50: =G50-H50 -> #DIV/0! | J50: =((D50*AJ50)-(AI50*E50))/(AJ50-E50) -> #DIV/0! | K50: =K8+K29 -> 0 | L50: =L8+L29 -> 0 | M50: =(K50-L50)/L50% -> #DIV/0! | N50: =K50/AI50% -> #DIV/0! | O50: =L50/AJ50% -> #DIV/0! | P50: =N50-O50 -> #DIV/0! | Q50: =Q8+Q29 -> 0 | R50: =R8+R29 -> 0 | S50: =(Q50-R50)/Q50% -> #DIV/0! | T50: =Q50/AI50% -> #DIV/0! | U50: =R50/AJ50% -> #DIV/0! | V50: =T50-U50 -> #DIV/0! | Y50: =(W50-X50)/W50% -> #DIV/0! | Z50: =W50/AO50% -> #DIV/0! | AA50: =X50/AP50% -> #DIV/0! | AB50: =Z50-AA50 -> #DIV/0! | AE50: =(AC50-AD50)/AC50% -> #DIV/0! | AF50: =AC50/AU50% -> #DIV/0! | AG50: =AD50/AV50% -> #DIV/0! | AH50: =AF50-AG50 -> #DIV/0! | AI50: =D50+K50+Q50+W50+AC50 -> 0 | AJ50: =E50+L50+R50+X50+AD50 -> 0 | AK50: =(AI50-AJ50)/AJ50% -> #DIV/0!
C51: Gariyaband | D51: =D9+D30 -> 0 | E51: =E9+E30 -> 0 | F51: =(D51-E51)/E51% -> #DIV/0! | G51: =D51/AI51% -> #DIV/0! | H51: =E51/AJ51% -> #DIV/0! | I51: =G51-H51 -> #DIV/0! | J51: =((D51*AJ51)-(AI51*E51))/(AJ51-E51) -> #DIV/0! | K51: =K9+K30 -> 0 | L51: =L9+L30 -> 0 | M51: =(K51-L51)/L51% -> #DIV/0! | N51: =K51/AI51% -> #DIV/0! | O51: =L51/AJ51% -> #DIV/0! | P51: =N51-O51 -> #DIV/0! | Q51: =Q9+Q30 -> 0 | R51: =R9+R30 -> 0 | S51: =(Q51-R51)/Q51% -> #DIV/0! | T51: =Q51/AI51% -> #DIV/0! | U51: =R51/AJ51% -> #DIV/0! | V51: =T51-U51 -> #DIV/0! | Y51: =(W51-X51)/W51% -> #DIV/0! | Z51: =W51/AO51% -> #DIV/0! | AA51: =X51/AP51% -> #DIV/0! | AB51: =Z51-AA51 -> #DIV/0! | AE51: =(AC51-AD51)/AC51% -> #DIV/0! | AF51: =AC51/AU51% -> #DIV/0! | AG51: =AD51/AV51% -> #DIV/0! | AH51: =AF51-AG51 -> #DIV/0! | AI51: =D51+K51+Q51+W51+AC51 -> 0 | AJ51: =E51+L51+R51+X51+AD51 -> 0 | AK51: =(AI51-AJ51)/AJ51% -> #DIV/0!
C52: Bastar | D52: =D10+D31 -> 0 | E52: =E10+E31 -> 0 | F52: =(D52-E52)/E52% -> #DIV/0! | G52: =D52/AI52% -> #DIV/0! | H52: =E52/AJ52% -> #DIV/0! | I52: =G52-H52 -> #DIV/0! | J52: =((D52*AJ52)-(AI52*E52))/(AJ52-E52) -> #DIV/0! | K52: =K10+K31 -> 0 | L52: =L10+L31 -> 0 | M52: =(K52-L52)/L52% -> #DIV/0! | N52: =K52/AI52% -> #DIV/0! | O52: =L52/AJ52% -> #DIV/0! | P52: =N52-O52 -> #DIV/0! | Q52: =Q10+Q31 -> 0 | R52: =R10+R31 -> 0 | S52: =(Q52-R52)/Q52% -> #DIV/0! | T52: =Q52/AI52% -> #DIV/0! | U52: =R52/AJ52% -> #DIV/0! | V52: =T52-U52 -> #DIV/0! | Y52: =(W52-X52)/W52% -> #DIV/0! | Z52: =W52/AO52% -> #DIV/0! | AA52: =X52/AP52% -> #DIV/0! | AB52: =Z52-AA52 -> #DIV/0! | AE52: =(AC52-AD52)/AC52% -> #DIV/0! | AF52: =AC52/AU52% -> #DIV/0! | AG52: =AD52/AV52% -> #DIV/0! | AH52: =AF52-AG52 -> #DIV/0! | AI52: =D52+K52+Q52+W52+AC52 -> 0 | AJ52: =E52+L52+R52+X52+AD52 -> 0 | AK52: =(AI52-AJ52)/AJ52% -> #DIV/0!
C53: Bijapur | D53: =D11+D32 -> 0 | E53: =E11+E32 -> 0 | F53: =(D53-E53)/E53% -> #DIV/0! | G53: =D53/AI53% -> #DIV/0! | H53: =E53/AJ53% -> #DIV/0! | I53: =G53-H53 -> #DIV/0! | J53: =((D53*AJ53)-(AI53*E53))/(AJ53-E53) -> #DIV/0! | K53: =K11+K32 -> 0 | L53: =L11+L32 -> 0 | M53: =(K53-L53)/L53% -> #DIV/0! | N53: =K53/AI53% -> #DIV/0! | O53: =L53/AJ53% -> #DIV/0! | P53: =N53-O53 -> #DIV/0! | Q53: =Q11+Q32 -> 0 | R53: =R11+R32 -> 0 | S53: =(Q53-R53)/Q53% -> #DIV/0! | T53: =Q53/AI53% -> #DIV/0! | U53: =R53/AJ53% -> #DIV/0! | V53: =T53-U53 -> #DIV/0! | Y53: =(W53-X53)/W53% -> #DIV/0! | Z53: =W53/AO53% -> #DIV/0! | AA53: =X53/AP53% -> #DIV/0! | AB53: =Z53-AA53 -> #DIV/0! | AE53: =(AC53-AD53)/AC53% -> #DIV/0! | AF53: =AC53/AU53% -> #DIV/0! | AG53: =AD53/AV53% -> #DIV/0! | AH53: =AF53-AG53 -> #DIV/0! | AI53: =D53+K53+Q53+W53+AC53 -> 0 | AJ53: =E53+L53+R53+X53+AD53 -> 0 | AK53: =(AI53-AJ53)/AJ53% -> #DIV/0!
C54: Dantewada | D54: =D12+D33 -> 0 | E54: =E12+E33 -> 0 | F54: =(D54-E54)/E54% -> #DIV/0! | G54: =D54/AI54% -> #DIV/0! | H54: =E54/AJ54% -> #DIV/0! | I54: =G54-H54 -> #DIV/0! | J54: =((D54*AJ54)-(AI54*E54))/(AJ54-E54) -> #DIV/0! | K54: =K12+K33 -> 0 | L54: =L12+L33 -> 0 | M54: =(K54-L54)/L54% -> #DIV/0! | N54: =K54/AI54% -> #DIV/0! | O54: =L54/AJ54% -> #DIV/0! | P54: =N54-O54 -> #DIV/0! | Q54: =Q12+Q33 -> 0 | R54: =R12+R33 -> 0 | S54: =(Q54-R54)/Q54% -> #DIV/0! | T54: =Q54/AI54% -> #DIV/0! | U54: =R54/AJ54% -> #DIV/0! | V54: =T54-U54 -> #DIV/0! | Y54: =(W54-X54)/W54% -> #DIV/0! | Z54: =W54/AO54% -> #DIV/0! | AA54: =X54/AP54% -> #DIV/0! | AB54: =Z54-AA54 -> #DIV/0! | AE54: =(AC54-AD54)/AC54% -> #DIV/0! | AF54: =AC54/AU54% -> #DIV/0! | AG54: =AD54/AV54% -> #DIV/0! | AH54: =AF54-AG54 -> #DIV/0! | AI54: =D54+K54+Q54+W54+AC54 -> 0 | AJ54: =E54+L54+R54+X54+AD54 -> 0 | AK54: =(AI54-AJ54)/AJ54% -> #DIV/0!
C55: Kanker | D55: =D13+D34 -> 0 | E55: =E13+E34 -> 0 | F55: =(D55-E55)/E55% -> #DIV/0! | G55: =D55/AI55% -> #DIV/0! | H55: =E55/AJ55% -> #DIV/0! | I55: =G55-H55 -> #DIV/0! | J55: =((D55*AJ55)-(AI55*E55))/(AJ55-E55) -> #DIV/0! | K55: =K13+K34 -> 0 | L55: =L13+L34 -> 0 | M55: =(K55-L55)/L55% -> #DIV/0! | N55: =K55/AI55% -> #DIV/0! | O55: =L55/AJ55% -> #DIV/0! | P55: =N55-O55 -> #DIV/0! | Q55: =Q13+Q34 -> 0 | R55: =R13+R34 -> 0 | S55: =(Q55-R55)/Q55% -> #DIV/0! | T55: =Q55/AI55% -> #DIV/0! | U55: =R55/AJ55% -> #DIV/0! | V55: =T55-U55 -> #DIV/0! | Y55: =(W55-X55)/W55% -> #DIV/0! | Z55: =W55/AO55% -> #DIV/0! | AA55: =X55/AP55% -> #DIV/0! | AB55: =Z55-AA55 -> #DIV/0! | AE55: =(AC55-AD55)/AC55% -> #DIV/0! | AF55: =AC55/AU55% -> #DIV/0! | AG55: =AD55/AV55% -> #DIV/0! | AH55: =AF55-AG55 -> #DIV/0! | AI55: =D55+K55+Q55+W55+AC55 -> 0 | AJ55: =E55+L55+R55+X55+AD55 -> 0 | AK55: =(AI55-AJ55)/AJ55% -> #DIV/0!
C56: Kondagaon | D56: =D14+D35 -> 0 | E56: =E14+E35 -> 0 | F56: =(D56-E56)/E56% -> #DIV/0! | G56: =D56/AI56% -> #DIV/0! | H56: =E56/AJ56% -> #DIV/0! | I56: =G56-H56 -> #DIV/0! | J56: =((D56*AJ56)-(AI56*E56))/(AJ56-E56) -> #DIV/0! | K56: =K14+K35 -> 0 | L56: =L14+L35 -> 0 | M56: =(K56-L56)/L56% -> #DIV/0! | N56: =K56/AI56% -> #DIV/0! | O56: =L56/AJ56% -> #DIV/0! | P56: =N56-O56 -> #DIV/0! | Q56: =Q14+Q35 -> 0 | R56: =R14+R35 -> 0 | S56: =(Q56-R56)/Q56% -> #DIV/0! | T56: =Q56/AI56% -> #DIV/0! | U56: =R56/AJ56% -> #DIV/0! | V56: =T56-U56 -> #DIV/0! | Y56: =(W56-X56)/W56% -> #DIV/0! | Z56: =W56/AO56% -> #DIV/0! | AA56: =X56/AP56% -> #DIV/0! | AB56: =Z56-AA56 -> #DIV/0! | AE56: =(AC56-AD56)/AC56% -> #DIV/0! | AF56: =AC56/AU56% -> #DIV/0! | AG56: =AD56/AV56% -> #DIV/0! | AH56: =AF56-AG56 -> #DIV/0! | AI56: =D56+K56+Q56+W56+AC56 -> 0 | AJ56: =E56+L56+R56+X56+AD56 -> 0 | AK56: =(AI56-AJ56)/AJ56% -> #DIV/0!
... C62: Rajnandgaon | D62: =D20+D41 -> 0 | E62: =E20+E41 -> 0 | F62: =(D62-E62)/E62% -> #DIV/0! | G62: =D62/AI62% -> #DIV/0! | H62: =E62/AJ62% -> #DIV/0! | I62: =G62-H62 -> #DIV/0! | J62: =((D62*AJ62)-(AI62*E62))/(AJ62-E62) -> #DIV/0! | K62: =K20+K41 -> 0 | L62: =L20+L41 -> 0 | M62: =(K62-L62)/L62% -> #DIV/0! | N62: =K62/AI62% -> #DIV/0! | O62: =L62/AJ62% -> #DIV/0! | P62: =N62-O62 -> #DIV/0! | Q62: =Q20+Q41 -> 0 | R62: =R20+R41 -> 0 | S62: =(Q62-R62)/Q62% -> #DIV/0! | T62: =Q62/AI62% -> #DIV/0! | U62: =R62/AJ62% -> #DIV/0! | V62: =T62-U62 -> #DIV/0! | Y62: =(W62-X62)/W62% -> #DIV/0! | Z62: =W62/AO62% -> #DIV/0! | AA62: =X62/AP62% -> #DIV/0! | AB62: =Z62-AA62 -> #DIV/0! | AE62: =(AC62-AD62)/AC62% -> #DIV/0! | AF62: =AC62/AU62% -> #DIV/0! | AG62: =AD62/AV62% -> #DIV/0! | AH62: =AF62-AG62 -> #DIV/0! | AI62: =D62+K62+Q62+W62+AC62 -> 0 | AJ62: =E62+L62+R62+X62+AD62 -> 0 | AK62: =(AI62-AJ62)/AJ62% -> #DIV/0!
C63: Raipur Region | D63: =SUM(D45:D62) -> 0 | E63: =SUM(E45:E62) -> 0 | F63: =(D63-E63)/E63% -> #DIV/0! | G63: =D63/AI63% -> #DIV/0! | H63: =E63/AJ63% -> #DIV/0! | I63: =G63-H63 -> #DIV/0! | J63: =((D63*AJ63)-(AI63*E63))/(AJ63-E63) -> #DIV/0! | K63: =SUM(K45:K62) -> 0 | L63: =SUM(L45:L62) -> 0 | M63: =(K63-L63)/L63% -> #DIV/0! | N63: =K63/AI63% -> #DIV/0! | O63: =L63/AJ63% -> #DIV/0! | P63: =N63-O63 -> #DIV/0! | Q63: =SUM(Q45:Q62) -> 0 | R63: =SUM(R45:R62) -> 0 | S63: =(Q63-R63)/Q63% -> #DIV/0! | T63: =Q63/AI63% -> #DIV/0! | U63: =R63/AJ63% -> #DIV/0! | V63: =T63-U63 -> #DIV/0! | AI63: =D63+K63+Q63 -> 0 | AJ63: =E63+L63+R63 -> 0 | AK63: =(AI63-AJ63)/AJ63% -> #DIV/0!

Sheet SA Wise MKT

Sheet Sheet1
A1: OMC | B1: Dealer | C1: MS | J1: HSD
C2: Vol. 2024-25 | D2: Vol. 2025-26 | E2: Vol +/- | F2: Gr% | G2: % MKT Sh 2025-26 | H2: % MKT Sh 2024-25 | I2: MKT Sh +/- | J2: Vol. 2024-25 | K2: Vol. 2025-26 | L2: Vol +/- | M2: Gr% | N2: % MKT Sh 2025-26 | O2: % MKT Sh 2024-25 | P2: MKT Sh +/-
A3: HPC | B3: RAIPUR FUELS | C3: 806.5 | D3: 831 | E3: =D3-C3 -> 24.5 | F3: =E3/C3% -> 3.0378177 | G3: =D3/$D$8% -> 21.511778 | H3: =C3/$C$8% -> 20.594995 | I3: =G3-H3 -> 0.91678352 | J3: 483.5 | K3: 439 | L3: =K3-J3 -> -44.5 | M3: =L3/J3% -> -9.2037229 | N3: =K3/$K$8% -> 40.761374 | O3: =J3/$J$8% -> 41.609294 | P3: =N3-O3 -> -0.84792013
A4: HPC | B4: ADHOC SAI BABA FILLING STATION | C4: 540 | D4: 570 | E4: =D4-C4 -> 30 | F4: =E4/C4% -> 5.5555556 | G4: =D4/$D$8% -> 14.755371 | H4: =C4/$C$8% -> 13.789581 | I4: =G4-H4 -> 0.96579027 | J4: 136 | K4: 150 | L4: =K4-J4 -> 14 | M4: =L4/J4% -> 10.294118 | N4: =K4/$K$8% -> 13.927577 | O4: =J4/$J$8% -> 11.703959 | P4: =N4-O4 -> 2.2236179
A5: BPC | B5: TOP UP CENTER | C5: 1132 | D5: 1156 | E5: =D5-C5 -> 24 | F5: =E5/C5% -> 2.1201413 | G5: =D5/$D$8% -> 29.924929 | H5: =C5/$C$8% -> 28.907048 | I5: =G5-H5 -> 1.0178808 | J5: 0 | K5: 0 | L5: =K5-J5 -> 0 | M5: =L5/J5% -> #DIV/0! | N5: =K5/$K$8% -> 0 | O5: =J5/$J$8% -> 0 | P5: =N5-O5 -> 0
A6: BPC | B6: F.R FUELS | C6: 1159.5 | D6: 1044 | E6: =D6-C6 -> -115.5 | F6: =E6/C6% -> -9.9611902 | G6: =D6/$D$8% -> 27.025628 | H6: =C6/$C$8% -> 29.609295 | I6: =G6-H6 -> -2.5836674 | J6: 392.5 | K6: 324 | L6: =K6-J6 -> -68.5 | M6: =L6/J6% -> -17.452229 | N6: =K6/$K$8% -> 30.083565 | O6: =J6/$J$8% -> 33.777969 | P6: =N6-O6 -> -3.6944036
A7: IOC | B7: SHIVANSH FUELS | C7: 278 | D7: 262 | E7: =D7-C7 -> -16 | F7: =E7/C7% -> -5.7553957 | G7: =D7/$D$8% -> 6.7822936 | H7: =C7/$C$8% -> 7.0990807 | I7: =G7-H7 -> -0.31678714 | J7: 150 | K7: 164 | L7: =K7-J7 -> 14 | M7: =L7/J7% -> 9.3333333 | N7: =K7/$K$8% -> 15.227484 | O7: =J7/$J$8% -> 12.908778 | P7: =N7-O7 -> 2.3187058
A8: TA | B8: CEN_RAIPUR_RAIPUR-1_AMANAKA | C8: =SUM(C3:C7) -> 3916 | D8: =SUM(D3:D7) -> 3863 | E8: =D8-C8 -> -53 | F8: =E8/C8% -> -1.3534219 | G8: =D8/$D$8% -> 100 | H8: =C8/$C$8% -> 100 | I8: =G8-H8 -> 0 | J8: =SUM(J3:J7) -> 1162 | K8: =SUM(K3:K7) -> 1077 | L8: =K8-J8 -> -85 | M8: =L8/J8% -> -7.3149742 | N8: =K8/$K$8% -> 100 | O8: =J8/$J$8% -> 100 | P8: =N8-O8 -> 0
A12: OMC | B12: Dealer | C12: MS | J12: HSD
C13: Vol | D13: Vol | E13: Vol +/- | F13: % Gr | G13: % Mkt Sh | H13: % Mkt Sh | I13: Mkt Share | J13: Vol | K13: Vol | L13: Vol +/- | M13: % Gr | N13: % Mkt Sh | O13: % Mkt Sh | P13: Mkt Share
C14: 24-25 | D14: 25-26 | E14: 25-26 | F14: 25-26 | G14: 25-26 | H14: 24-25 | I14: +/- | J14: 24-25 | K14: 25-26 | L14: 25-26 | M14: 25-26 | N14: 25-26 | O14: 24-25 | P14: +/-
A15: HPC | B15: BHAVANI SERVICE STATION | C15: 23 | D15: 35 | E15: 12 | F15: 54.98 | G15: 10.85 | H15: 7.5 | I15: 3.35 | J15: 32 | K15: 45 | L15: 13 | M15: 40.99 | N15: 7.46 | O15: 5.24 | P15: 2.22
A16: HPC | B16: SHREE BALAJI SERVICE STATION | C16: 0 | D16: 0 | J16: 0 | K16: 0
A17: BPC | B17: VARDHMAN HIGHWAY SERVICE | C17: 28 | D17: 24.5 | E17: -4 | F17: -12.89 | G17: 7.6 | H17: 9.34 | I17: -1.75 | J17: 46 | K17: 49.5 | L17: 3 | M17: 7.32 | N17: 8.2 | O17: 7.57 | P17: 0.63
A18: IOC | B18: TCI | C18: 85 | D18: 81 | E18: -4 | F18: -5.08 | G18: 25.12 | H18: 28.35 | I18: -3.23 | J18: 275 | K18: 267 | L18: -8 | M18: -3.06 | N18: 44.24 | O18: 45.19 | P18: -0.95
A19: JIO BP | B19: DEVASHISH CHARODA | C19: 165 | D19: 182 | E19: 17 | F19: 10.3 | G19: 56.43 | H19: 54.81 | I19: 1.62 | J19: 256 | K19: 242 | L19: -14 | M19: -5.47 | N19: 40.1 | O19: 42 | P19: -1.91
A20: TA AREA | B20: NH53 LHS DURG-RPR | C20: 301 | D20: 323 | E20: 21 | F20: 7.13 | G20: 100 | H20: 100 | J20: 609 | K20: 604 | L20: -6 | M20: -0.98 | N20: 100 | O20: 100

Sheet Sheet8
A1: OMCs in Raipur | B1: Network (30.06.25) | C1: Avg TMF in KL | D1: TPO in KL | E1: Market Share
A2: HPC | B2: 379 | C2: =G2/3 -> 50075.333 | D2: =Table1[[#This Row],[Avg TMF in KL ]]/Table1[[#This Row],[Network (30.06.25) ]] -> 132.12489 | E2: 32.544327 | G2: 150226
A3: BPC | B3: 338 | C3: =G3/3 -> 48463.905 | D3: =Table1[[#This Row],[Avg TMF in KL ]]/Table1[[#This Row],[Network (30.06.25) ]] -> 143.38433 | E3: 31.497048 | G3: 145391.71 | H3: =G3/3 -> 48463.905
A4: IOC | B4: 428 | C4: =G4/3 -> 55328.849 | D4: =Table1[[#This Row],[Avg TMF in KL ]]/Table1[[#This Row],[Network (30.06.25) ]] -> 129.27301 | E4: 35.958626 | G4: 165986.55
A5: TOTAl | B5: =SUM(B2:B4) -> 1145 | C5: =G5/3 -> 153868.09 | D5: =Table1[[#This Row],[Avg TMF in KL ]]/Table1[[#This Row],[Network (30.06.25) ]] -> 134.38261 | G5: =SUM(G2:G4) -> 461604.26
D15: Difrence | E15: MS | F15: HSD
D16: Durg | E16: 0 | F16: 4
